id,Address,Response_Address,Response_X,Response_Y
1,北投子段547地號,找不到指定的門牌地址。,,
2,台北市北投區同德街３８號,臺北市北投區永欣里23鄰同德街38號,303278.556,2779683.981
3,台北市北投區光明路２００號四樓之１７,臺北市北投區長安里21鄰光明路200號,300763.043,2780909.890
4,臺北市北投區泉源路４６號十二樓之１,臺北市北投區中心里20鄰泉源路46號,301304.531,2781457.887
5,台北市北投區天母西路１１７巷５９號四樓之７,臺北市北投區永欣里9鄰天母西路117巷59號,302908.628,2779366.080
6,台北市北投區實踐街２９號四樓,臺北市北投區尊賢里10鄰實踐街29號,301273.635,2778627.004
7,台北市北投區中央南路二段28號8樓之5,臺北市北投區八仙里18鄰中央南路二段28號,300433.429,2779774.163
8,台北市北投區吉利街１２７巷５號四樓之８及之7,臺北市北投區立農里11鄰吉利街127巷5號,301132.810,2779083.162
9,台北市北投區石牌路二段315巷28弄16號2樓,臺北市北投區永欣里1鄰石牌路二段315巷28弄16號,302755.231,2779572.507
10,北投子段142-19地號,找不到指定的門牌地址。,,
11,台北市北投區石牌路一段７１巷１６號４樓,臺北市北投區吉慶里17鄰石牌路一段71巷16號,301551.826,2778548.460
12,台北市北投區北投路二段９號、１１號房屋地下二層,臺北市北投區大同里15鄰北投路二段9號,300313.191,2780326.529
13,台北市北投區文林北路94巷33號7樓之2,臺北市北投區建民里17鄰文林北路94巷33號,302281.431,2777675.032
14,台北市北投區立功街１００號三樓之１,臺北市北投區一德里15鄰立功街100號,297597.354,2779726.213
15,台北市北投區溫泉路34巷21號2樓,臺北市北投區溫泉里7鄰溫泉路34巷21號,300873.123,2780670.416
16,臺北市北投區泉源路４６號十二樓之３,臺北市北投區中心里20鄰泉源路46號,301304.531,2781457.887
17,台北市北投區自強街１２０巷１５弄９號,臺北市北投區石牌里2鄰自強街120巷15弄9號,302070.243,2778124.379
18,台北市北投區榮華一路５巷６號３樓,臺北市北投區榮華里14鄰榮華一路5巷6號,302894.679,2778292.549
19,台北市北投區石牌路2段315巷27號5樓之10,臺北市北投區永欣里15鄰石牌路二段315巷27號,302604.435,2779517.884
20,台北市北投區承德路七段290號二樓,臺北市北投區立賢里10鄰承德路七段290號,300959.837,2778773.912
21,台北市北投區幽雅路７號六樓之６,臺北市北投區林泉里11鄰幽雅路7號,301737.929,2781085.515
22,台北市北投區民族街６８巷４號五樓,臺北市北投區溫泉里14鄰民族街68巷4號,301095.748,2780714.276
23,台北市北投區中央北路四段３５４巷２弄１２號,臺北市北投區一德里8鄰中央北路四段354巷2弄12號,297578.662,2780336.027
24,台北市北投區中央北路四段３７０號３樓,臺北市北投區一德里9鄰中央北路四段370號,297532.190,2780253.835
25,台北市北投區光明路２００號四樓之１９,臺北市北投區長安里21鄰光明路200號,300763.043,2780909.890
26,台北市北投區明德路３３３巷２５號,臺北市北投區振華里16鄰明德路333巷25號,302314.710,2778766.659
27,台北市北投區大業路631號等,臺北市北投區中庸里13鄰大業路631號,300261.487,2781056.756
28,台北市北投區文林北路９４巷３３號３樓之２,臺北市北投區建民里17鄰文林北路94巷33號,302281.431,2777675.032
29,台北市北投區溫泉路６８巷２３弄４號二樓,臺北市北投區溫泉里23鄰溫泉路68巷23弄4號,301053.104,2780814.938
30,北投子段311地號,找不到指定的門牌地址。,,
31,北投子段321地號,找不到指定的門牌地址。,,
32,北投段797地號,找不到指定的門牌地址。,,
33,台北市北投區公館路２３４巷１２號,臺北市北投區奇岩里16鄰公舘路234巷12號,301190.976,2779838.251
34,台北市北投區新民路５１之１２號,臺北市北投區林泉里6鄰新民路51之12號,301476.585,2781437.510
35,台北市北投區翠宜路,臺北市北投區開明里25鄰翠宜路2號;臺北市北投區開明里22鄰翠宜路3號;臺北市北投區開明里25鄰翠宜路4號;臺北市北投區開明里22鄰翠宜路5號;臺北市北投區開明里22鄰翠宜路11號;臺北市北投區開明里26鄰翠宜路12號;臺北市北投區開明里26鄰翠宜路14號;臺北市北投區開明里26鄰翠宜路16號;臺北市北投區開明里26鄰翠宜路18號;臺北市北投區開明里26鄰翠宜路20之1號,300980.916;300958.283;300967.460;300949.668;300949.009;300941.958;300937.369;300932.919;300928.130;300929.619,2781669.804;2781672.211;2781691.731;2781682.293;2781714.057;2781757.861;2781757.321;2781756.796;2781756.231;2781811.413
36,台北市北投區文林北路262號3樓,臺北市北投區文林里2鄰文林北路262號,301772.001,2777956.848
37,台北市北投區奇岩路12號,臺北市北投區溫泉里22鄰奇岩路12號,301141.664,2780636.225
38,台北市北投區奇岩路12之1號,臺北市北投區溫泉里22鄰奇岩路12之1號,301147.679,2780636.853
39,台北市北投區奇岩路12之2號,臺北市北投區溫泉里22鄰奇岩路12之2號,301141.710,2780642.211
40,台北市北投區奇岩路12之9號,臺北市北投區溫泉里22鄰奇岩路12之9號,301156.586,2780660.086
41,台北市北投區奇岩路14之2號2樓,臺北市北投區溫泉里22鄰奇岩路14之2號,301141.824,2780629.838
42,台北市北投區奇岩路12號2樓,臺北市北投區溫泉里22鄰奇岩路12號,301141.664,2780636.225
43,台北市北投區奇岩路12之1號2樓,臺北市北投區溫泉里22鄰奇岩路12之1號,301147.679,2780636.853
44,台北市北投區奇岩路12之2號2樓,臺北市北投區溫泉里22鄰奇岩路12之2號,301141.710,2780642.211
45,台北市北投區奇岩路14號3樓,臺北市北投區溫泉里22鄰奇岩路14號,301143.159,2780616.327
46,台北市北投區奇岩路14之1號3樓,臺北市北投區溫泉里22鄰奇岩路14之1號,301135.423,2780623.896
47,台北市北投區奇岩路12之3號3樓,臺北市北投區溫泉里22鄰奇岩路12之3號,301148.804,2780643.717
48,台北市北投區奇岩路12之6號3樓,臺北市北投區溫泉里22鄰奇岩路12之6號,301149.451,2780651.520
49,台北市北投區奇岩路12之8號3樓,臺北市北投區溫泉里22鄰奇岩路12之8號,301151.847,2780661.615
50,台北市北投區奇岩路12之9號3樓,臺北市北投區溫泉里22鄰奇岩路12之9號,301156.586,2780660.086
51,台北市北投區奇岩路14號4樓,臺北市北投區溫泉里22鄰奇岩路14號,301143.159,2780616.327
52,台北市北投區奇岩路14之2號4樓,臺北市北投區溫泉里22鄰奇岩路14之2號,301141.824,2780629.838
53,台北市北投區奇岩路12之1號4樓,臺北市北投區溫泉里22鄰奇岩路12之1號,301147.679,2780636.853
54,台北市北投區奇岩路12之5號4樓,臺北市北投區溫泉里22鄰奇岩路12之5號,301143.568,2780651.632
55,台北市北投區奇岩路12號5樓,臺北市北投區溫泉里22鄰奇岩路12號,301141.664,2780636.225
56,台北市北投區奇岩路12之1號5樓,臺北市北投區溫泉里22鄰奇岩路12之1號,301147.679,2780636.853
57,台北市北投區奇岩路12之2號3樓,臺北市北投區溫泉里22鄰奇岩路12之2號,301141.710,2780642.211
58,台北市北投區中央北路一段１１３號四樓,臺北市北投區大同里6鄰中央北路一段113號,300343.863,2780806.923
59,台北市北投區建民路161之8號3樓,臺北市北投區裕民里3鄰建民路161之8號,302407.231,2778217.475
60,台北市北投區建民路162巷5號3樓,臺北市北投區裕民里5鄰建民路162巷5號,302455.266,2778158.404
61,台北市北投區奇岩路14之1號2樓,臺北市北投區溫泉里22鄰奇岩路14之1號,301135.423,2780623.896
62,台北市北投區奇岩路12之5號3樓,臺北市北投區溫泉里22鄰奇岩路12之5號,301143.568,2780651.632
63,台北市北投區奇岩路12號4樓,臺北市北投區溫泉里22鄰奇岩路12號,301141.664,2780636.225
64,台北市北投區奇岩路14號5樓,臺北市北投區溫泉里22鄰奇岩路14號,301143.159,2780616.327
65,台北市北投區奇岩路12之7號,臺北市北投區溫泉里22鄰奇岩路12之7號,301144.878,2780662.865
66,台北市北投區奇岩路12之8號,臺北市北投區溫泉里22鄰奇岩路12之8號,301151.847,2780661.615
67,台北市北投區奇岩路14號之1,臺北市北投區溫泉里22鄰奇岩路14之1號,301135.423,2780623.896
68,台北市北投區奇岩路12之6號2樓,臺北市北投區溫泉里22鄰奇岩路12之6號,301149.451,2780651.520
69,台北市北投區奇岩路14之1號4樓,臺北市北投區溫泉里22鄰奇岩路14之1號,301135.423,2780623.896
70,台北市北投區奇岩路12之2號4樓,臺北市北投區溫泉里22鄰奇岩路12之2號,301141.710,2780642.211
71,台北市北投區崗山路８巷７號１１樓之１,臺北市北投區稻香里4鄰崗山路8巷7號,299096.979,2781464.225
72,台北市北投區行義路１８６巷２６弄８號３樓,臺北市北投區永和里13鄰行義路186巷26弄8號,303396.737,2780523.245
73,台北市北投區同德街2號2樓之1,臺北市北投區永欣里19鄰同德街2號,303150.941,2779714.949
74,台北市北投區榮華一路3巷2號3樓,臺北市北投區榮華里14鄰榮華一路3巷2號,302896.705,2778334.666
75,台北市北投區明德路219號三樓,臺北市北投區振華里12鄰明德路219號,302608.805,2778359.643
76,台北市北投區中央北路三段４０巷３４弄１８號１０樓,臺北市北投區桃源里1鄰中央北路三段40巷34弄18號,299023.675,2781343.517
77,台北市北投區大屯路２１巷５之１號５樓,臺北市北投區中和里12鄰大屯路21巷5之1號,300397.314,2781734.220
78,台北市北投區光明路２２０號五樓,臺北市北投區長安里17鄰光明路220號,300870.944,2780963.146
79,台北市北投區建民路129巷1號,臺北市北投區石牌里7鄰建民路129巷1號,302202.271,2778059.855
80,台北市北投區泉源路３６之２２號二樓之8,臺北市北投區中心里8鄰泉源路36之22號,301122.593,2781476.977
81,台北市北投區中和街234巷16號,臺北市北投區開明里10鄰中和街234巷16號,300633.559,2781358.529
82,台北市北投區大同街２１６號２樓,臺北市北投區中庸里6鄰大同街216號,300345.651,2781264.308
83,台北市北投區立功街１５３號二樓,臺北市北投區一德里15鄰立功街153號,297710.469,2779757.794
84,台北市北投區立功街１５１號二樓,臺北市北投區一德里15鄰立功街151號,297698.201,2779758.128
85,台北市北投區稻香路１４０之９號,臺北市北投區稻香里13鄰稻香路140之9號,299340.995,2781722.279
86,台北市北投區中央北路三段４０巷３４弄１８號５樓之１,臺北市北投區桃源里1鄰中央北路三段40巷34弄18號,299023.675,2781343.517
87,台北市北投區知行路10巷2號,臺北市北投區關渡里13鄰知行路10號;臺北市北投區關渡里14鄰知行路1巷10號;臺北市北投區關渡里14鄰知行路3巷10號;臺北市北投區關渡里15鄰知行路5巷10號;臺北市北投區關渡里11鄰知行路77巷10號;臺北市北投區關渡里16鄰知行路202巷10號;臺北市北投區關渡里16鄰知行路210巷10號;臺北市北投區關渡里17鄰知行路260巷10號;臺北市北投區關渡里21鄰知行路316巷10號;臺北市北投區關渡里2鄰知行路293巷10號,296973.456;296962.854;296995.905;297034.810;297211.098;297088.420;297116.069;297146.478;297164.732;297072.267,2778923.361;2778943.421;2778971.955;2778966.524;2779022.163;2779053.614;2779091.620;2779245.384;2779420.983;2779374.038
88,台北市北投區磺港路１５８號３樓,臺北市北投區清江里13鄰磺港路158號,300719.598,2780110.683
89,台北市北投區泉源路４９之１０號六樓,臺北市北投區中心里21鄰泉源路49之10號,301546.506,2781542.296
90,台北市北投區泉源路49之11號六樓,臺北市北投區中心里21鄰泉源路49之11號,301540.685,2781541.767
91,台北市北投區天母北路１０５巷１５弄１號地下１層,臺北市北投區永欣里20鄰天母北路105巷15弄1號,303188.619,2779625.781
92,台北市北投區稻香路２９之3號地下,臺北市北投區稻香里2鄰稻香路29之3號,299443.663,2781280.041
93,台北市北投區尊賢街３０２巷２４號,臺北市北投區尊賢里13鄰尊賢街302巷24號,301235.539,2778950.893
94,台北市北投區石牌路二段３１５巷３４弄２７之１號,臺北市北投區永欣里16鄰石牌路二段315巷34弄27之1號,302841.635,2779560.972
95,台北市北投區自強街５巷１５３號六樓之７,臺北市北投區福興里4鄰自強街5巷153號,301493.734,2778344.546
96,台北市北投區懷德街７５巷８之３號三樓,臺北市北投區裕民里17鄰懷德街75巷8之3號,302362.110,2778506.432
97,臺北市北投區中央北路四段５１５巷４２號五樓,臺北市北投區一德里23鄰中央北路四段515巷42號,297310.661,2779859.873
98,台北市北投區光明路242號3樓之16,臺北市北投區溫泉里11鄰光明路242號,301221.712,2780950.475
99,台北市北投區西安街二段267號4樓之5,臺北市北投區立農里9鄰西安街二段267號,301128.824,2779210.052
100,台北市北投區吉利街１０１之８號四樓,臺北市北投區立農里22鄰吉利街101之8號,301028.157,2779041.362
101,台北市北投區溫泉路139號7樓之38,臺北市北投區林泉里10鄰溫泉路139號,301665.094,2781407.223
102,台北市北投區行義路５２號六樓,臺北市北投區永和里4鄰行義路52號,303222.923,2779817.135
103,台北市北投區新民路５３之１號八樓之２,臺北市北投區林泉里6鄰新民路53之1號,301470.750,2781405.284
104,北投子段71-2地號,找不到指定的門牌地址。,,
105,台北市北投區中山路４７號四樓之５,臺北市北投區林泉里5鄰中山路47號,301584.647,2781236.629
106,台北市北投區石牌路二段３１５巷２８弄１６號三樓之１,臺北市北投區永欣里1鄰石牌路二段315巷28弄16號,302755.231,2779572.507
107,台北市北投區知行路214巷29號八樓,臺北市北投區關渡里6鄰知行路214巷29號,297234.690,2779210.552
108,台北市北投區中央北路2段131巷3弄2號2樓,臺北市北投區豐年里5鄰中央北路二段131巷3弄2號,299816.253,2781045.771
109,台北市北投區大業路280巷35弄16號地下,臺北市北投區中央里25鄰大業路280巷35弄16號,300408.113,2780066.512
110,台北市北投區知行路214巷13、15、17號門牌房屋地下一層,臺北市北投區關渡里6鄰知行路214巷33號,297224.370,2779193.618
111,台北市北投區榮華一路６巷６號五樓,臺北市北投區榮華里20鄰榮華一路6巷6號,302816.592,2778296.159
112,台北市北投區光明路１８５號十二樓之２,臺北市北投區長安里11鄰光明路185號,300749.766,2780932.373
113,台北市北投區公館路６５號５樓,臺北市北投區溫泉里5鄰公舘路65號,300817.713,2780533.231
114,北投埔段復興小段139地號,找不到指定的門牌地址。,,
115,台北市北投區新民路１巷８號六樓之１０,臺北市北投區中心里19鄰新民路1巷8號,301172.327,2781530.569
116,台北市北投區北投鎮光明里溫泉路２５號,找不到指定的門牌地址。,,
117,台北市北投區大度路三段189號5樓,臺北市北投區關渡里28鄰大度路三段189號,297311.397,2779452.393
118,台北市北投區中和街507巷6弄5之1號3樓,臺北市北投區智仁里19鄰中和街507巷6弄5之1號,299783.960,2781884.702
119,台北市北投區中央北路四段１３４號五樓,臺北市北投區一德里4鄰中央北路四段134號,298009.788,2780675.770
120,台北市北投區立農街2段202巷5弄5號4樓,臺北市北投區永明里10鄰立農街二段202巷5弄5號,301855.103,2778953.416
121,台北市北投區知行路214巷31號四樓,臺北市北投區關渡里6鄰知行路214巷31號,297234.954,2779194.149
122,台北市北投區知行路293巷16號6樓之8,臺北市北投區關渡里2鄰知行路293巷16號,297044.541,2779390.656
123,台北市北投區文林北路８０巷９０弄６５號三樓,臺北市北投區建民里6鄰文林北路80巷90弄65號,302427.695,2777598.953
124,台北市北投區清江路１９３號四樓,臺北市北投區清江里16鄰清江路193號,300614.346,2780007.120
125,台北市北投區文化三路１４２號七樓,臺北市北投區文化里9鄰文化三路142號,300267.436,2781361.848
126,台北市北投區大屯路91巷20號,臺北市北投區中和里16鄰大屯路91巷20號,300460.484,2781906.220
127,台北市北投區中和街２０巷２號五樓之３,臺北市北投區中心里3鄰中和街20巷2號,300752.788,2781132.296
128,台北市北投區溫泉路１３２之８號,臺北市北投區林泉里13鄰溫泉路132之8號,301668.831,2781030.362
129,台北市北投區溫泉路１４３之１２號４樓,臺北市北投區林泉里10鄰溫泉路143之12號,301693.907,2781437.259
130,台北市北投區明德路２７６號八樓,臺北市北投區榮華里5鄰明德路276號,302694.316,2778588.510
131,台北市北投區大同街208巷5號3樓,臺北市北投區中庸里11鄰大同街208巷5號,300385.804,2781214.838
132,台北市北投區光明路168號8樓之2,臺北市北投區長安里15鄰光明路168號,300708.813,2780860.648
133,台北市北投區中央北路四段５３２號十一樓之１,臺北市北投區一德里14鄰中央北路四段532號,297181.268,2780079.409
134,台北市北投區大度路三段３０１巷１２８弄２之１號３樓,臺北市北投區關渡里5鄰大度路三段301巷128弄2之1號,296941.804,2779154.767
135,台北市北投區大興街２４巷１弄８號３樓,臺北市北投區中央里7鄰大興街24巷1弄8號,300321.042,2780235.450
136,台北市北投區自強街１８０巷２號五樓,臺北市北投區石牌里1鄰自強街180巷2號,302183.056,2778161.680
137,台北市北投區致遠一路2段2號5樓之1,臺北市北投區榮光里3鄰致遠一路二段2號,301909.190,2778141.938
138,台北市北投區東華街二段６６號二樓,臺北市北投區永明里11鄰東華街二段66號,301852.732,2778840.821
139,台北市北投區大度路三段２７０巷６９號十四樓之７,臺北市北投區一德里23鄰大度路三段270巷69號,297109.739,2779708.424
140,台北市北投區珠海路１１３巷１６號二樓,臺北市北投區開明里24鄰珠海路113巷16號,300849.924,2781635.120
141,台北市北投區泉源路３４號四樓之３,臺北市北投區中心里8鄰泉源路34號,301101.599,2781415.423
142,台北市北投區天母西路１１７巷５９號三樓之７,臺北市北投區永欣里9鄰天母西路117巷59號,302908.628,2779366.080
143,台北市北投區知行路214巷31號七樓,臺北市北投區關渡里6鄰知行路214巷31號,297234.954,2779194.149
144,台北市北投區公館路131號,臺北市北投區奇岩里2鄰公舘路131號,300947.537,2780236.737
145,台北市北投區溫泉路７３巷６號１１樓之２,臺北市北投區溫泉里12鄰溫泉路73巷6號,301034.026,2780890.438
146,台北市北投區長壽路２９巷１１號五樓,臺北市北投區開明里24鄰長壽路29巷11號,300768.945,2781647.523
147,台北市北投區新民路１７號三樓之２,臺北市北投區中心里3鄰新民路17號,301094.825,2781330.933
148,台北市北投區承德路七段280巷41號四樓,臺北市北投區立賢里12鄰承德路七段280巷41號,301133.196,2778806.977
149,台北市北投區公?路２０９巷３６弄１３號二樓,找不到指定的門牌地址。,,
150,北投段1802地號,找不到指定的門牌地址。,,
151,台北市北投區大業路１５６號５樓,臺北市北投區八仙里5鄰大業路156號,300334.958,2779690.947
152,台北市北投區泉源路華南巷２０號地下室之２,臺北市北投區中心里8鄰泉源路華南巷20號,301115.458,2781409.731
153,台北市北投區大屯路２１巷５號３樓,臺北市北投區中和里12鄰大屯路21巷5號,300400.259,2781724.012
154,台北市北投區溫泉路７３巷３號,臺北市北投區長安里19鄰溫泉路73巷3號,300944.233,2780901.220
155,台北市北投區中山北路七段２１９巷３弄２８０號二樓之２,臺北市北投區永和里24鄰中山北路七段219巷3弄280號,303507.548,2780610.227
156,台北市北投區大度路三段２７０巷６７號三樓之１,臺北市北投區一德里23鄰大度路三段270巷67號,297126.674,2779737.421
157,台北市北投區懷德街46號7樓,臺北市北投區振華里21鄰懷德街46號,302405.386,2778339.169
158,台北市北投區新民路５３之１號６樓之５,臺北市北投區林泉里6鄰新民路53之1號,301470.750,2781405.284
159,台北市北投區石牌路一段５８巷２０號,臺北市北投區福興里15鄰石牌路一段58巷20號,301590.439,2778357.139
160,北投子段392-2地號,找不到指定的門牌地址。,,
161,台北市北投區大屯路９１巷１弄１２號,臺北市北投區中和里16鄰大屯路91巷1弄12號,300442.705,2781904.478
162,台北市北投區懷德街１１巷１弄１７號三樓,臺北市北投區裕民里12鄰懷德街11巷1弄17號,302294.886,2778200.095
163,台北市北投區中和街20巷2號11樓之6,臺北市北投區中心里3鄰中和街20巷2號,300752.788,2781132.296
164,台北市北投區天母北路105巷15弄1號地下一層之8及公設,臺北市北投區永欣里20鄰天母北路105巷15弄1號,303188.619,2779625.781
165,台北市北投區新民路53之1號7樓之1,臺北市北投區林泉里6鄰新民路53之1號,301470.750,2781405.284
166,台北市北投區中山路47號5樓之3,臺北市北投區林泉里5鄰中山路47號,301584.647,2781236.629
167,台北市北投區中和街３１０號５樓,臺北市北投區開明里6鄰中和街310號,300407.809,2781477.697
168,台北市北投區中央北路四段１６６號４樓,臺北市北投區一德里5鄰中央北路四段166號,297931.716,2780605.521
169,台北市北投區溫泉路３２號８樓,臺北市北投區溫泉里3鄰溫泉路32號,300815.836,2780685.983
170,台北市北投區溫泉路３７巷２６號五樓之１０,臺北市北投區長安里20鄰溫泉路37巷26號,300697.978,2780809.659
171,台北市北投區中央南路二段１１５號地下一層,臺北市北投區八仙里6鄰中央南路二段115號,300452.413,2779372.583
172,台北市北投區中和街502巷1弄12號,臺北市北投區秀山里7鄰中和街502巷1弄12號,299803.314,2782006.392
173,台北市北投區溫泉路１３９號二樓之１０,臺北市北投區林泉里10鄰溫泉路139號,301665.094,2781407.223
174,北投段665地號,找不到指定的門牌地址。,,
175,臺北市北投區石牌路二段３１５巷３７號五樓,臺北市北投區永欣里15鄰石牌路二段315巷37號,302647.492,2779626.998
176,臺北市北投區石牌路二段３１５巷３９號五樓,臺北市北投區永欣里15鄰石牌路二段315巷39號,302644.316,2779637.848
177,臺北市北投區石牌路二段３１５巷３７號四樓,臺北市北投區永欣里15鄰石牌路二段315巷37號,302647.492,2779626.998
178,台北市北投區中和街２０巷２號六樓之５,臺北市北投區中心里3鄰中和街20巷2號,300752.788,2781132.296
179,台北市北投區石牌路一段１６６巷３１弄８之１號２樓,臺北市北投區榮光里22鄰石牌路一段166巷31弄8之1號,301901.837,2778500.010
180,台北市北投區大業路３００巷３３之１號,臺北市北投區中央里28鄰大業路300巷33之1號,300367.109,2780119.538
181,台北市北投區稻香路１３５巷１４號２樓,臺北市北投區稻香里11鄰稻香路135巷14號,299353.488,2781618.253
182,台北市北投區中央北路三段４０巷１９弄１１號十樓,臺北市北投區桃源里8鄰中央北路三段40巷19弄11號,298890.478,2781212.534
183,台北市北投區石牌路二段３３５號三樓,臺北市北投區永欣里17鄰石牌路二段335號,302883.163,2779482.347
184,臺北市北投區吉利街１４９巷９號三樓,臺北市北投區立農里8鄰吉利街149巷9號,301185.353,2779061.850
185,台北市北投區大度路3段301巷30號4樓,臺北市北投區關渡里2鄰大度路三段301巷30號,296994.592,2779393.958
186,台北市北投區中央北路三段１１８巷１７號五樓,臺北市北投區桃源里10鄰中央北路三段118巷17號,298710.664,2781195.052
187,台北市北投區天母北路１０５巷１５弄１號五樓之７,臺北市北投區永欣里20鄰天母北路105巷15弄1號,303188.619,2779625.781
188,台北市北投區大度路三段２７０巷６９號十九樓之２,臺北市北投區一德里23鄰大度路三段270巷69號,297109.739,2779708.424
189,台北市北投區大度路三段２７０巷６９號二樓,臺北市北投區一德里23鄰大度路三段270巷69號,297109.739,2779708.424
190,台北市北投區中央北路四段18巷46弄27號,臺北市北投區一德里1鄰中央北路四段18巷46弄27號,298337.745,2780996.683
191,臺北市北投區文林北路３０２號十八樓,臺北市北投區福興里8鄰文林北路302號,301591.902,2778157.109
192,臺北市北投區文林北路３０２號十八樓之１,臺北市北投區福興里8鄰文林北路302號,301591.902,2778157.109
193,北投段1199地號,找不到指定的門牌地址。,,
194,台北市北投區公館路２５７巷９號,臺北市北投區奇岩里13鄰公舘路257巷9號,301300.815,2779727.247
195,台北市北投區中央北路三段１１８巷１９號三樓,臺北市北投區桃源里10鄰中央北路三段118巷19號,298720.007,2781204.810
196,台北市北投區中央北路三段１１８巷１７號二樓,臺北市北投區桃源里10鄰中央北路三段118巷17號,298710.664,2781195.052
197,台北市北投區致遠二路６１巷１４號,臺北市北投區吉慶里18鄰致遠二路61巷14號,301543.083,2778612.490
198,台北市北投區中正街49巷16號6樓之3,臺北市北投區中央里12鄰中正街49巷16號,300398.696,2780481.304
199,台北市北投區公館路２３１巷１７之２號,臺北市北投區奇岩里27鄰公舘路231巷17之2號,301317.806,2779933.194
200,臺北市北投區石牌路二段３１５巷３９號八樓,臺北市北投區永欣里15鄰石牌路二段315巷39號,302644.316,2779637.848
201,台北市北投區杏林二路４之１號四樓,臺北市北投區智仁里7鄰杏林二路4之1號,300304.673,2781494.821
202,台北市北投區溫泉路139號五樓 之29,臺北市北投區林泉里10鄰溫泉路139號,301665.094,2781407.223
203,台北市北投區自強街１２５號二樓之１７,臺北市北投區榮光里3鄰自強街125號,302009.064,2778175.748
204,台北市北投區自強街１１１巷４號,臺北市北投區榮光里3鄰自強街111巷4號,301973.726,2778176.487
205,台北市北投區致遠一路一段４７巷１號二樓,臺北市北投區文林里16鄰致遠一路一段47巷1號,302031.208,2777862.921
206,台北市北投區西安街一段３６７號三樓之２,臺北市北投區榮光里21鄰西安街一段367號,301944.715,2778568.247
207,台北市北投區中華街１２號２樓,臺北市北投區開明里18鄰中華街12號,300615.776,2781578.825
208,台北市北投區溫泉路37巷26號9樓之10,臺北市北投區長安里20鄰溫泉路37巷26號,300697.978,2780809.659
209,台北市北投區同德街2號5樓之10,臺北市北投區永欣里19鄰同德街2號,303150.941,2779714.949
210,台北市北投區同德街2號5樓之9,臺北市北投區永欣里19鄰同德街2號,303150.941,2779714.949
211,台北市北投區中央北路三段４０巷３４弄２號四樓,臺北市北投區桃源里17鄰中央北路三段40巷34弄2號,298921.070,2781315.656
212,台北市北投區知行路214巷33號三樓,臺北市北投區關渡里6鄰知行路214巷33號,297224.370,2779193.618
213,台北市北投區知行路214巷21號九樓,臺北市北投區關渡里17鄰知行路214巷21號,297189.471,2779186.044
214,台北市北投區中和街５０２巷５弄１５號,臺北市北投區秀山里10鄰中和街502巷5弄15號,299796.282,2782057.095
215,台北市北投區溫泉路87號6樓之5,臺北市北投區溫泉里15鄰溫泉路87號,301076.436,2780877.683
216,台北市北投區三合街二段454號17樓,臺北市北投區清江里18鄰三合街二段454號,300638.375,2779943.210
217,台北市北投區裕民六路114巷27號5樓,臺北市北投區裕民里15鄰裕民六路114巷27號,302280.320,2778553.305
218,台北市北投區自強街５巷１４７號,臺北市北投區福興里4鄰自強街5巷147號,301497.797,2778330.742
219,台北市北投區實踐街８０號二樓,臺北市北投區吉慶里18鄰實踐街80號,301495.755,2778635.382
220,台北市北投區懷德街７８巷１號三樓及地下樓,臺北市北投區振華里23鄰懷德街78巷1號,302423.946,2778462.637
221,台北市北投區中山路47號4樓之1,臺北市北投區林泉里5鄰中山路47號,301584.647,2781236.629
222,台北市北投區裕民六路１７號３樓,臺北市北投區裕民里23鄰裕民六路17號,302144.223,2778490.423
223,台北市北投區中和街３６８號６樓之８,臺北市北投區中和里19鄰中和街368號,300326.277,2781592.290
224,台北市北投區懷德街２０號二樓,臺北市北投區裕民里7鄰懷德街20號,302386.613,2778255.889
225,台北市北投區光明路２２號２９樓,臺北市北投區中央里11鄰光明路22號,300349.495,2780515.617
226,台北市北投區明德路333巷18號2樓,臺北市北投區振華里10鄰明德路333巷18號,302360.438,2778771.714
227,台北市北投區裕民六路２號二十一樓及地下三層、地下四層,臺北市北投區裕民里22鄰裕民六路2號,302155.272,2778444.526
228,台北市北投區公?路８５巷２弄２０號二樓,找不到指定的門牌地址。,,
229,台北市北投區明德路１８巷３弄３號２樓,臺北市北投區建民里17鄰明德路18巷3弄3號,302247.554,2777703.021
230,台北市北投區豐年路二段３２巷１０之１號３樓,臺北市北投區豐年里12鄰豐年路二段32巷10之1號,300041.170,2780882.186
231,台北市北投區東華街二段３４０巷２弄１０號,臺北市北投區東華里4鄰東華街二段340巷2弄10號,301025.288,2779319.902
232,台北市北投區溫泉路９９之４號五樓,臺北市北投區溫泉里1鄰溫泉路99之4號,301410.325,2780980.068
233,台北市北投區光明路242號4樓之3,臺北市北投區溫泉里11鄰光明路242號,301221.712,2780950.475
234,台北市北投區稻香路１５１號四樓,臺北市北投區稻香里11鄰稻香路151號,299339.069,2781644.145
235,台北市北投區光明路242號11樓之5,臺北市北投區溫泉里11鄰光明路242號,301221.712,2780950.475
236,台北市北投區天母西路122之1號七樓,臺北市北投區榮華里1鄰天母西路122之1號,302714.077,2779044.318
237,台北市北投區東華街二段３４０巷２弄１３號,臺北市北投區東華里4鄰東華街二段340巷2弄13號,301034.543,2779331.745
238,台北市北投區溫泉路８５號四樓之１,臺北市北投區溫泉里15鄰溫泉路85號,301045.207,2780874.868
239,台北市北投區重三路１６號,臺北市北投區稻香里5鄰重三路16號,299310.803,2781417.080
240,台北市北投區溫泉路６５巷１６號九樓之１１,臺北市北投區長安里17鄰溫泉路65巷16號,300860.265,2780929.936
241,台北市北投區致遠一路一段５８巷１４號五樓,臺北市北投區石牌里11鄰致遠一路一段58巷14號,302049.261,2778025.674
242,台北市北投區溫泉路37巷30號2樓之7,臺北市北投區長安里20鄰溫泉路37巷30號,300717.954,2780826.196
243,台北市北投區行義路１８６巷２６弄２號三樓,臺北市北投區永和里13鄰行義路186巷26弄2號,303415.860,2780549.901
244,台北市北投區中央北路三段40巷42號等共有部分,臺北市北投區桃源里17鄰中央北路三段40巷42號,298872.226,2781343.643
245,台北市北投區光明路200號9樓之22,臺北市北投區長安里21鄰光明路200號,300763.043,2780909.890
246,台北市北投區知行路214巷27號七樓,臺北市北投區關渡里6鄰知行路214巷27號,297224.900,2779212.669
247,台北市北投區清江路２５巷１６號１０樓之１,臺北市北投區清江里2鄰清江路25巷16號,300655.174,2780422.762
248,台北市北投區自強路175號3樓,臺北市北投區榮光里1鄰自強街175號,302156.483,2778201.169
249,台北市北投區珠海路１１３巷１６號四樓,臺北市北投區開明里24鄰珠海路113巷16號,300849.924,2781635.120
250,台北市北投區光明路２００號七樓之２,臺北市北投區長安里21鄰光明路200號,300763.043,2780909.890
251,台北市北投區幽雅路７號四樓之２０,臺北市北投區林泉里11鄰幽雅路7號,301737.929,2781085.515
252,台北市北投區中和街20巷2號5樓之16,臺北市北投區中心里3鄰中和街20巷2號,300752.788,2781132.296
253,台北市北投區光明路242號5樓之8,臺北市北投區溫泉里11鄰光明路242號,301221.712,2780950.475
254,台北市北投區大興街５０號三樓,臺北市北投區中央里17鄰大興街50號,300432.158,2780304.842
255,台北市北投區公館路165號5樓,臺北市北投區奇岩里6鄰公舘路165號,301088.097,2780160.873
256,台北市北投區泉源路１２號九樓之６,臺北市北投區中心里2鄰泉源路12號,300853.902,2781056.165
257,台北市北投區中山北路七段２１９巷３弄１０７號六樓,臺北市北投區永和里21鄰中山北路七段219巷3弄107號,303482.107,2780014.279
258,北投段1141-1地號,找不到指定的門牌地址。,,
259,台北市北投區中和街２０巷２號十二樓之６,臺北市北投區中心里3鄰中和街20巷2號,300752.788,2781132.296
260,台北市北投區溫泉路３４巷２２號三樓,臺北市北投區溫泉里7鄰溫泉路34巷22號,300885.865,2780660.580
261,台北市北投區知行路214巷29號三樓,臺北市北投區關渡里6鄰知行路214巷29號,297234.690,2779210.552
262,台北市北投區東陽街４２８號三樓,臺北市北投區裕民里11鄰東陽街428號,302288.782,2778329.748
263,台北市北投區東陽街４３０號三樓,臺北市北投區裕民里11鄰東陽街430號,302297.717,2778327.389
264,台北市北投區明德路271號七樓,臺北市北投區榮華里4鄰明德路271號,302670.933,2778573.617
265,台北市北投區中庸里7鄰永興路1段1號5樓,臺北市北投區中庸里7鄰永興路一段1號,300349.533,2781245.674
266,台北市北投區石牌路二段３１５巷１０弄４號四樓,臺北市北投區永欣里13鄰石牌路二段315巷10弄4號,302723.289,2779450.745
267,台北市北投區崇仁路一段168號2樓之1,臺北市北投區八仙里15鄰崇仁路一段168號,300671.952,2779468.356
268,台北市北投區知行路２４３號二樓,臺北市北投區關渡里27鄰知行路243號,297099.103,2779214.325
269,台北市北投區中和街455巷11弄8號四樓,臺北市北投區智仁里9鄰中和街455巷11弄8號,300052.555,2781701.802
270,台北市北投區中央北路二段９５巷４弄４號四樓,臺北市北投區豐年里4鄰中央北路二段95巷4弄4號,299907.643,2781012.401
271,北投子段605-1地號,找不到指定的門牌地址。,,
272,宜蘭縣羅東鎮北投街４６巷３號四樓,宜蘭縣羅東鎮北成里7鄰北投街46巷3號,326115.080,2729760.549
273,台北市北投區明德路288號地下二層,臺北市北投區榮華里5鄰明德路288號,302706.325,2778636.231
274,台北市北投區光明路２００號十一樓,臺北市北投區長安里21鄰光明路200號,300763.043,2780909.890
275,台北市北投區東華街2段174巷19號五樓,臺北市北投區東華里12鄰東華街二段174巷19號,301528.041,2779228.296
276,台北市北投區石牌路一段５８巷２９號五樓,臺北市北投區福興里2鄰石牌路一段58巷29號,301587.255,2778409.686
277,台北市北投區中央北路四段５８３巷１１弄４號,臺北市北投區一德里20鄰中央北路四段583巷11弄4號,296999.572,2779696.223
278,台北市北投區中央北路一段119號10樓,臺北市北投區大同里6鄰中央北路一段119號,300325.492,2780805.731
279,台北市北投區中和街382巷4號四樓,臺北市北投區中和里8鄰中和街382巷4號,300320.003,2781714.293
280,台北市北投區大度路三段２７０巷６７號五樓,臺北市北投區一德里23鄰大度路三段270巷67號,297126.674,2779737.421
281,台北市北投區知行路214巷29號五樓,臺北市北投區關渡里6鄰知行路214巷29號,297234.690,2779210.552
282,台北市北投區西安街一段２９９巷４號,臺北市北投區榮光里8鄰西安街一段299巷4號,302055.724,2778350.768
283,台北市北投區溫泉路37巷30號2樓,臺北市北投區長安里20鄰溫泉路37巷30號,300717.954,2780826.196
284,台北市北投區新民路１巷５之１２號２樓,臺北市北投區中心里19鄰新民路1巷5之12號,301182.378,2781388.240
285,台北市北投區立農街一段４０３號三樓,臺北市北投區立農里25鄰立農街一段403號,301371.304,2779126.552
286,台北市北投區行義路１３２之１號三樓,臺北市北投區永和里9鄰行義路132之1號,303265.841,2780189.125
287,台北市北投區承德路七段１６８巷１７號三樓,臺北市北投區吉慶里5鄰承德路七段168巷17號,301322.838,2778526.609
288,台北市北投區中央北路四段142巷2號4樓,臺北市北投區一德里5鄰中央北路四段142巷2號,297981.902,2780655.166
289,台北市北投區稻香路185號3樓之1,臺北市北投區稻香里14鄰稻香路185號,299243.506,2781737.183
290,台北市北投區奇岩路３７巷５號四樓,臺北市北投區溫泉里21鄰奇岩路37巷5號,301170.620,2780584.089
291,台北市北投區溫泉路３０巷８號,臺北市北投區溫泉里2鄰溫泉路30巷8號,300755.772,2780670.887
292,台北市北投區大業路２８０巷１１號,臺北市北投區中央里22鄰大業路280巷11號,300305.196,2779991.691
293,台北市北投區天母西路１１７巷５２弄１７號七樓,臺北市北投區永欣里9鄰天母西路117巷52弄17號,302948.147,2779317.612
294,台北市北投區石牌路二段315巷28弄14之7號，石牌路二段315巷28弄14之3號地下2樓,臺北市北投區永欣里1鄰石牌路二段315巷28弄14之7號,302749.958,2779563.274
295,台北市北投區行義路１８６巷２６弄４號４樓,臺北市北投區永和里13鄰行義路186巷26弄4號,303414.684,2780533.870
296,台北市北投區中山路４７號十二樓之１４,臺北市北投區林泉里5鄰中山路47號,301584.647,2781236.629
297,台北市北投區中央北路四段１３８巷４號,臺北市北投區一德里4鄰中央北路四段138巷4號,297984.886,2780694.384
298,台北市北投區文林北路80巷38弄17號,臺北市北投區建民里12鄰文林北路80巷38弄17號,302359.610,2777578.521
299,台北市北投區泉源路３４號２樓之２,臺北市北投區中心里8鄰泉源路34號,301101.599,2781415.423
300,台北市北投區西安街一段１６５巷９弄５號３樓,臺北市北投區石牌里10鄰西安街一段165巷9弄5號,302249.592,2777950.514
301,台北市北投區天母西路１１７巷２６號六樓,臺北市北投區永欣里6鄰天母西路117巷26號,302838.478,2779186.561
302,台北市北投區光明路66號10樓之3,臺北市北投區中央里8鄰光明路66號,300433.005,2780570.600
303,台北市北投區行義路１８６巷４５號四樓,臺北市北投區永和里16鄰行義路186巷45號,303449.962,2780643.174
304,台北市北投區大度路三段２７０巷６７號四樓之５,臺北市北投區一德里23鄰大度路三段270巷67號,297126.674,2779737.421
305,台北市北投區知行路226號五樓,臺北市北投區關渡里17鄰知行路226號,297123.748,2779218.936
306,台北市北投區中央北路1段113號14樓,臺北市北投區大同里6鄰中央北路一段113號,300343.863,2780806.923
307,台北市北投區中央北路1段115號14樓,臺北市北投區大同里6鄰中央北路一段115號,300337.386,2780811.552
308,北投埔段358地號,找不到指定的門牌地址。,,
309,台北市北投區中央北路四段18巷46弄16號,臺北市北投區一德里1鄰中央北路四段18巷46弄16號,298297.473,2780967.111
310,台北市北投區石牌路二段357巷7號7樓,臺北市北投區永和里1鄰石牌路二段357巷7號,302911.310,2779633.115
311,台北市北投區知行路214巷31號五樓,臺北市北投區關渡里6鄰知行路214巷31號,297234.954,2779194.149
312,台北市北投區公?路６３巷１１號四樓,找不到指定的門牌地址。,,
313,台北市北投區立農街一段２５７巷１０弄２號５樓,臺北市北投區立農里10鄰立農街一段257巷10弄2號,300993.000,2779159.966
314,台北市北投區復興四路１２巷１０號,臺北市北投區開明里6鄰復興四路12巷10號,300467.579,2781499.254
315,台北市北投區中央北路三段212號,臺北市北投區桃源里13鄰中央北路三段212號,298482.614,2780985.484
316,台北市北投區泉源路２９之３號三樓,臺北市北投區中心里5鄰泉源路29之3號,301021.629,2781392.697
317,台北市北投區自強街５巷１０２弄１８號３樓,臺北市北投區福興里7鄰自強街5巷102弄18號,301601.800,2778314.848
318,台北市北投區育仁路64號2樓,臺北市北投區大同里9鄰育仁路64號,300236.245,2780663.986
319,台北市北投區中和街398巷5弄2號4樓,臺北市北投區中和里18鄰中和街398巷5弄2號,300278.000,2781804.956
320,台北市北投區泉源路３９之３０號,臺北市北投區中心里10鄰泉源路39之30號,301112.989,2781548.237
321,臺北市北投區泉源路４６號五樓之３,臺北市北投區中心里20鄰泉源路46號,301304.531,2781457.887
322,台北市北投區泉源路２９之３號二樓,臺北市北投區中心里5鄰泉源路29之3號,301021.629,2781392.697
323,台北市北投區中山路47號8樓之8,臺北市北投區林泉里5鄰中山路47號,301584.647,2781236.629
324,台北市北投區公館路276巷2之1號4樓之1,臺北市北投區奇岩里18鄰公舘路276巷2之1號,301161.990,2779776.915
325,台北市北投區尊賢街249巷25號2樓,臺北市北投區立賢里8鄰尊賢街249巷25號,300989.268,2778858.341
326,台北市北投區崇仁路一段83號4樓,臺北市北投區清江里24鄰崇仁路一段83號,300595.244,2779817.515
327,台北市北投區大同街２２８巷８號３樓,臺北市北投區中庸里6鄰大同街228巷8號,300380.389,2781294.314
328,台北市北投區行義路１８６巷３１號４樓,臺北市北投區永和里16鄰行義路186巷31號,303406.639,2780621.444
329,台北市北投區溫泉路８７號八樓,臺北市北投區溫泉里15鄰溫泉路87號,301076.436,2780877.683
330,台北市北投區泉源路３６之２號,臺北市北投區中心里8鄰泉源路36之2號,301065.729,2781421.248
331,台北市北投區溫泉路３７巷２８號３樓,臺北市北投區長安里20鄰溫泉路37巷28號,300704.064,2780827.916
332,台北市北投區溫泉路３７巷２８號十三樓之５,臺北市北投區長安里20鄰溫泉路37巷28號,300704.064,2780827.916
333,臺北市北投區泉源路４６號十一樓之３,臺北市北投區中心里20鄰泉源路46號,301304.531,2781457.887
334,台北市北投區自強街61巷33號1樓及地下室,臺北市北投區福興里9鄰自強街61巷33號,301666.849,2778169.656
335,台北市北投區中和街20巷74號4樓,臺北市北投區中心里13鄰中和街20巷74號,300837.981,2781270.484
336,北投子段613-10地號,找不到指定的門牌地址。,,
337,台北市北投區致遠一路一段１０巷１２弄４號３樓,臺北市北投區石牌里5鄰致遠一路一段10巷12弄4號,302242.891,2777874.260
338,台北市北投區中央南路二段２８號５樓之１,臺北市北投區八仙里18鄰中央南路二段28號,300433.429,2779774.163
339,台北市北投區中山北路7段219巷3弄69號6樓,臺北市北投區永和里20鄰中山北路七段219巷3弄69號,303513.647,2780041.032
340,台北市北投區開明街１６號,臺北市北投區開明里3鄰開明街16號,300475.450,2781595.773
341,台北市北投區立農街二段208號8樓,臺北市北投區永明里9鄰立農街二段208號,301878.325,2779027.842
342,台北市北投區致遠二路５巷１２號四樓,臺北市北投區吉慶里16鄰致遠二路5巷12號,301566.484,2778529.077
343,台北市北投區石牌路二段357巷7號11樓,臺北市北投區永和里1鄰石牌路二段357巷7號,302911.310,2779633.115
344,台北市北投區中山路３號九樓之８,臺北市北投區中心里2鄰中山路3號,300936.174,2781050.767
345,台北市北投區中和街２０巷２號八樓之１２,臺北市北投區中心里3鄰中和街20巷2號,300752.788,2781132.296
346,台北市北投區中和街40號4樓之23,臺北市北投區中心里17鄰中和街40號,300686.005,2781179.944
347,台北市北投區光明路２２號二十六樓之１,臺北市北投區中央里11鄰光明路22號,300349.495,2780515.617
348,台北市北投區大業路２８０巷２１弄１號二樓,臺北市北投區中央里26鄰大業路280巷21弄1號,300335.083,2780028.318
349,北投段127-2地號,找不到指定的門牌地址。,,
350,台北市北投區光明路２００號五樓之６,臺北市北投區長安里21鄰光明路200號,300763.043,2780909.890
351,台北市北投區文林北路80巷59弄12號,臺北市北投區建民里18鄰文林北路80巷59弄12號,302364.719,2777708.345
352,台北市北投區中和街20巷2號5樓,臺北市北投區中心里3鄰中和街20巷2號,300752.788,2781132.296
353,台北市北投區明德路２６７巷９號五樓,臺北市北投區榮華里4鄰明德路267巷9號,302625.347,2778557.717
354,台北市北投區中和街455巷5弄11號,臺北市北投區中和里4鄰中和街455巷5弄11號,300097.318,2781802.423
355,台北市北投區光明路２２０號五樓之１,臺北市北投區長安里17鄰光明路220號,300870.944,2780963.146
356,台北市北投區清江路245巷42號3樓,臺北市北投區清江里23鄰清江路245巷42號,300720.235,2779851.555
357,臺北市北投區泉源路４６號十五樓之２,臺北市北投區中心里20鄰泉源路46號,301304.531,2781457.887
358,臺北市北投區泉源路４６號十五樓之３,臺北市北投區中心里20鄰泉源路46號,301304.531,2781457.887
359,臺北市北投區泉源路４６號四樓之３,臺北市北投區中心里20鄰泉源路46號,301304.531,2781457.887
360,臺北市北投區泉源路４６號十三樓之３,臺北市北投區中心里20鄰泉源路46號,301304.531,2781457.887
361,臺北市北投區泉源路４６號三樓之２,臺北市北投區中心里20鄰泉源路46號,301304.531,2781457.887
362,台北市北投區建民路161之11號4樓,臺北市北投區裕民里3鄰建民路161之11號,302386.768,2778202.541
363,台北市北投區尊賢街251巷14號4樓,臺北市北投區立賢里6鄰尊賢街251巷14號,301015.462,2778916.921
364,台北市北投區大興街9巷59號4樓,臺北市北投區大同里13鄰大興街9巷59號,300114.468,2780403.705
365,北投埔段813-1地號,找不到指定的門牌地址。,,
366,台北市北投區承德路七段344巷17號二樓,臺北市北投區立賢里1鄰承德路七段344巷17號,300893.471,2778944.543
367,台北市北投區立農街一段２５７巷７弄３號一樓,臺北市北投區立農里17鄰立農街一段257巷7弄3號,300964.898,2779201.188
368,台北市北投區大度路三段270巷69號,臺北市北投區一德里23鄰大度路三段270巷69號,297109.739,2779708.424
369,台北市北投區實踐街６５號４樓,臺北市北投區吉利里6鄰實踐街65號,301428.928,2778645.586
370,臺北市北投區石牌路二段３１５巷３９號三樓,臺北市北投區永欣里15鄰石牌路二段315巷39號,302644.316,2779637.848
371,臺北市北投區中央南路二段14,臺北市北投區八仙里4鄰中央南路二段14之2號,300440.598,2779927.089
372,台北市北投區大業路452巷6號2樓,臺北市北投區大同里17鄰大業路452巷6號,300144.512,2780444.345
373,台北市北投區泉源路48號五樓之1,臺北市北投區中心里20鄰泉源路48號,301326.007,2781489.932
374,台北市北投區富貴一路14號5樓,臺北市北投區榮華里8鄰富貴一路14號,302853.773,2778595.919
375,台北市北投區明德路１５０巷１５號８樓,臺北市北投區榮華里13鄰明德路150巷15號,302592.495,2778127.083
376,台北市北投區中山路２８之１８號七樓,臺北市北投區林泉里3鄰中山路28之18號,301446.950,2781073.359
377,台北市北投區西安街一段189號4樓之1,臺北市北投區石牌里7鄰西安街一段189號,302248.831,2778093.859
378,台北市北投區新民路５１之１０號三樓,臺北市北投區林泉里6鄰新民路51之10號,301484.565,2781447.010
379,台北市北投區尊賢街２４３巷２２號三樓,臺北市北投區立賢里11鄰尊賢街243巷22號,301034.191,2778812.595
380,台北市北投區大度路三段301巷28弄48號,臺北市北投區關渡里4鄰大度路三段301巷28弄48號,296914.815,2779308.375
381,台北市北投區行義路192巷15弄8號地下一層之5,臺北市北投區永和里17鄰行義路192巷15弄8號,303392.346,2780687.592
382,台北市北投區光明路２７０號二樓之１,臺北市北投區溫泉里1鄰光明路270號,301428.137,2781001.730
383,台北市北投區大業路280巷35弄16號7樓,臺北市北投區中央里25鄰大業路280巷35弄16號,300408.113,2780066.512
384,台北市北投區文化三路154號,臺北市北投區文化里9鄰文化三路154號,300292.749,2781391.662
385,台北市北投區知行路298號4樓,臺北市北投區關渡里21鄰知行路298號,297141.734,2779370.785
386,台北市北投區珠海路４８號四樓之１,臺北市北投區中心里11鄰珠海路48號,300710.370,2781224.626
387,台北市北投區知行路214巷31號三樓,臺北市北投區關渡里6鄰知行路214巷31號,297234.954,2779194.149
388,台北市北投區中山北路七段２１９巷３弄２５３號三樓,臺北市北投區永和里24鄰中山北路七段219巷3弄253號,303470.903,2780428.625
389,台北市北投區知行路214巷15號,臺北市北投區關渡里17鄰知行路214巷15號,297176.242,2779192.393
390,台北市北投區明德路286號3樓之1,臺北市北投區榮華里5鄰明德路286號,302704.646,2778626.370
391,台北市北投區公館路３３４巷３號２樓,臺北市北投區奇岩里25鄰公舘路334巷3號,300938.268,2779600.285
392,台北市北投區公館路165號3樓,臺北市北投區奇岩里6鄰公舘路165號,301088.097,2780160.873
393,台北市北投區新民路１巷９號,臺北市北投區中心里19鄰新民路1巷9號,301182.918,2781427.098
394,台北市北投區裕民六路114巷24弄9之1號4樓,臺北市北投區裕民里18鄰裕民六路114巷24弄9之1號,302272.177,2778494.081
395,台北市北投區石牌路二段３１５巷８號四樓之２,臺北市北投區永欣里13鄰石牌路二段315巷8號,302710.337,2779415.467
396,台北市北投區知行路214巷15號二樓,臺北市北投區關渡里17鄰知行路214巷15號,297176.242,2779192.393
397,北投埔段37地號,找不到指定的門牌地址。,,
398,台北市北投區溫泉路３０巷１１之１號七樓,臺北市北投區溫泉里3鄰溫泉路30巷11之1號,300777.439,2780650.265
399,台北市北投區實踐街５巷１８號３樓,臺北市北投區立賢里13鄰實踐街5巷18號,301169.227,2778645.956
400,台北市北投區天母北路１０５巷１５弄１號７樓之９,臺北市北投區永欣里20鄰天母北路105巷15弄1號,303188.619,2779625.781
401,台北市北投區溫泉路３７巷３０號１１樓之６,臺北市北投區長安里20鄰溫泉路37巷30號,300717.954,2780826.196
402,台北市北投區知行路２２６號,臺北市北投區關渡里17鄰知行路226號,297123.748,2779218.936
403,台北市北投區知行路２２６號二樓,臺北市北投區關渡里17鄰知行路226號,297123.748,2779218.936
404,北投段632地號,找不到指定的門牌地址。,,
405,北投埔段復興小段35地號,找不到指定的門牌地址。,,
406,臺北市北投區石牌路二段３１５巷３９號七樓,臺北市北投區永欣里15鄰石牌路二段315巷39號,302644.316,2779637.848
407,台北市北投區中和街３９８巷５弄１號四樓之４,臺北市北投區中和里18鄰中和街398巷5弄1號,300262.821,2781803.142
408,台北市北投區泉源路６５之６號,臺北市北投區林泉里9鄰泉源路64號;臺北市北投區林泉里9鄰泉源路66號,301725.340;301732.639,2781542.438;2781546.876
409,台北市北投區知行路214巷33號七樓,臺北市北投區關渡里6鄰知行路214巷33號,297224.370,2779193.618
410,台北市北投區光明路１６８號３樓,臺北市北投區長安里15鄰光明路168號,300708.813,2780860.648
411,台北市北投區溫泉路８７號七樓,臺北市北投區溫泉里15鄰溫泉路87號,301076.436,2780877.683
412,台北市北投區西安街二段267號2樓之2,臺北市北投區立農里9鄰西安街二段267號,301128.824,2779210.052
413,台北市北投區泉源路３５巷２９號,臺北市北投區中心里6鄰泉源路35巷29號,300961.555,2781420.680
414,台北市北投區西安街一段１８７號六樓之２,臺北市北投區石牌里7鄰西安街一段187號,302254.759,2778084.969
415,南投縣草屯鎮北投路427-1號,南投縣草屯鎮北投里6鄰北投路427之1號,215062.049,2653278.370
416,台北市北投區尊賢街２３０巷２號四樓,臺北市北投區尊賢里9鄰尊賢街230巷2號,301215.443,2778742.203
417,台北市北投區大度路三段２７０巷６７號七樓之３,臺北市北投區一德里23鄰大度路三段270巷67號,297126.674,2779737.421
418,台北市北投區公館路２０９巷３８弄６號二樓,臺北市北投區奇岩里22鄰公舘路209巷38弄6號,301368.543,2780026.189
419,台北市北投區明德路１６４號四樓,臺北市北投區榮華里13鄰明德路164號,302555.715,2778177.737
420,台北市北投區文化三路１４６號７樓,臺北市北投區文化里9鄰文化三路146號,300279.163,2781376.977
421,台北市北投區立農街一段３５３號二樓,臺北市北投區立農里14鄰立農街一段353號,301230.897,2779103.018
422,宜蘭縣羅東鎮北投街１３２巷３號,宜蘭縣羅東鎮北成里6鄰北投街132巷3號,325938.080,2729816.609
423,台北市北投區中和街40號六樓之20,臺北市北投區中心里17鄰中和街40號,300686.005,2781179.944
424,台北市北投區中央北路三段40巷34弄16號19樓,臺北市北投區桃源里1鄰中央北路三段40巷34弄16號,298998.288,2781332.910
425,台北市北投區中央北路三段40巷34弄18號17樓之3,臺北市北投區桃源里1鄰中央北路三段40巷34弄18號,299023.675,2781343.517
426,台北市北投區中央北路三段40巷34弄18號17樓之1,臺北市北投區桃源里1鄰中央北路三段40巷34弄18號,299023.675,2781343.517
427,台北市北投區中央北路三段40巷34弄18號17樓,臺北市北投區桃源里1鄰中央北路三段40巷34弄18號,299023.675,2781343.517
428,台北市北投區中央北路三段40巷34弄18號8樓,臺北市北投區桃源里1鄰中央北路三段40巷34弄18號,299023.675,2781343.517
429,台北市北投區稻香路１８５之３號,臺北市北投區稻香里14鄰稻香路185之3號,299258.708,2781758.686
430,台北市北投區中央北路三段40巷34弄16號19樓之1,臺北市北投區桃源里1鄰中央北路三段40巷34弄16號,298998.288,2781332.910
431,台北市北投區珠海路１３５之１號三樓,臺北市北投區泉源里1鄰珠海路135之1號,301184.180,2781638.118
432,台北市北投區珠海路１３５號三樓,臺北市北投區泉源里1鄰珠海路135號,301179.565,2781641.185
433,台北市北投區中央北路三段40巷34弄18號10樓之3,臺北市北投區桃源里1鄰中央北路三段40巷34弄18號,299023.675,2781343.517
434,台北市北投區中央北路3段40巷34弄16號7樓之3,臺北市北投區桃源里1鄰中央北路三段40巷34弄16號,298998.288,2781332.910
435,台北市北投區石牌路一段39巷131弄10號3樓,臺北市北投區吉利里11鄰石牌路一段39巷131弄10號,301379.454,2778944.180
436,台北市北投區中和街370巷30號,臺北市北投區中和里7鄰中和街370巷30號,300360.630,2781617.336
437,台北市北投區溫泉路37巷30號8樓,臺北市北投區長安里20鄰溫泉路37巷30號,300717.954,2780826.196
438,台北市北投區中和街４０號八樓之２,臺北市北投區中心里17鄰中和街40號,300686.005,2781179.944
439,台北市北投區大業路546之1號,臺北市北投區大同里4鄰大業路546之1號,300102.724,2780828.140
440,台北市北投區致遠一路一段５９號３樓,臺北市北投區文林里17鄰致遠一路一段59號,302046.011,2777912.953
441,台北市北投區吉利街２８０巷２７弄１９號三樓,臺北市北投區吉利里13鄰吉利街280巷27弄19號,301519.768,2778895.001
442,台北市北投區中和街２０巷２號１０樓之８,臺北市北投區中心里3鄰中和街20巷2號,300752.788,2781132.296
443,台北市北投區榮華一路1之8號,臺北市北投區榮華里14鄰榮華一路1之8號,302915.881,2778399.984
444,台北市北投區雙全街１４巷１６號,臺北市北投區中庸里2鄰雙全街14巷16號,300488.966,2781245.946
445,臺北市北投區石牌路一段１６６巷２８之１號２樓,臺北市北投區榮光里24鄰石牌路一段166巷28之1號,301803.262,2778493.620
446,台北市北投區知行路214巷31號八樓,臺北市北投區關渡里6鄰知行路214巷31號,297234.954,2779194.149
447,台北市北投區文林北祿260號三樓,臺北市北投區文林里2鄰文林北路260號;臺北市北投區奇岩里17鄰公舘路260號;臺北市北投區桃源里15鄰中央北路三段260號;臺北市北投區奇岩里22鄰奇岩路260號;臺北市北投區尊賢里3鄰尊賢街260號;臺北市北投區開明里7鄰中和街260號;臺北市北投區東華里5鄰東華街二段260號;臺北市北投區泉源里16鄰泉源路260號;臺北市北投區溫泉里1鄰光明路260號;臺北市北投區稻香里14鄰稻香路260號,301785.492;301236.739;298348.007;301507.315;301143.488;300496.702;301272.786;303659.363;301382.293;298673.738,2777961.228;2779788.325;2780907.515;2780045.126;2778866.646;2781382.521;2779251.484;2782619.725;2781003.169;2782125.750
448,台北市北投區公館路255巷19弄1號,臺北市北投區奇岩里12鄰公舘路255巷19弄1號,301297.761,2779861.009
449,台北市北投區行義路140巷18號2樓,臺北市北投區永和里10鄰行義路140巷18號,303333.027,2780264.316
450,台北市北投區知行路３３６號十三樓之２,臺北市北投區關渡里24鄰知行路336號,297098.018,2779472.180
451,台北市北投區溫泉路８７號３樓之７,臺北市北投區溫泉里15鄰溫泉路87號,301076.436,2780877.683
452,台北市北投區大業路５０８號４樓,臺北市北投區大同里11鄰大業路508號,300017.163,2780618.933
453,台北市北投區大度路三段２７０巷６７號四樓之６,臺北市北投區一德里23鄰大度路三段270巷67號,297126.674,2779737.421
454,台北市北投區永興路二段４５號二樓,臺北市北投區開明里7鄰永興路二段45號,300649.397,2781415.098
455,台北市北投區永興路二段４５號三樓,臺北市北投區開明里7鄰永興路二段45號,300649.397,2781415.098
456,台北市北投區文林北路１３０號１０樓之２,臺北市北投區建民里16鄰文林北路130號,302147.755,2777641.756
457,台北市北投區知行路214巷33號五樓,臺北市北投區關渡里6鄰知行路214巷33號,297224.370,2779193.618
458,台北市北投區知行路214巷33號六樓,臺北市北投區關渡里6鄰知行路214巷33號,297224.370,2779193.618
459,台北市北投區中央北路一段１６７巷９號４樓之１,臺北市北投區大同里1鄰中央北路一段167巷9號,300242.150,2780839.120
460,台北市北投區中央北路四段５４０巷１弄１５號,臺北市北投區一德里14鄰中央北路四段540巷1弄15號,297078.738,2779992.149
461,台北市北投區中和街525巷7號5樓,臺北市北投區智仁里16鄰中和街525巷7號,299756.819,2781884.543
462,台北市北投區中和街２０巷２號五樓之２,臺北市北投區中心里3鄰中和街20巷2號,300752.788,2781132.296
463,台北市北投區行義路１４２之３號六樓,臺北市北投區永和里10鄰行義路142之3號,303269.288,2780273.521
464,台北市北投區泉源路３９之４９號３樓,臺北市北投區中心里9鄰泉源路39之49號,301301.227,2781527.998
465,台北市北投區大度路三段２７０巷６７號五樓之５,臺北市北投區一德里23鄰大度路三段270巷67號,297126.674,2779737.421
466,台北市北投區知行路214巷33號四樓,臺北市北投區關渡里6鄰知行路214巷33號,297224.370,2779193.618
467,台北市北投區中央北路三段40巷34弄18號10樓之2,臺北市北投區桃源里1鄰中央北路三段40巷34弄18號,299023.675,2781343.517
468,台北市北投區溫泉路73巷6號9樓,臺北市北投區溫泉里12鄰溫泉路73巷6號,301034.026,2780890.438
469,台北市北投區中央北路三段40巷34弄18號6樓之2,臺北市北投區桃源里1鄰中央北路三段40巷34弄18號,299023.675,2781343.517
470,台北市北投區中央北路三段40巷34弄16號12樓之3,臺北市北投區桃源里1鄰中央北路三段40巷34弄16號,298998.288,2781332.910
471,台北市北投區中央北路三段40巷34弄16號12樓之2,臺北市北投區桃源里1鄰中央北路三段40巷34弄16號,298998.288,2781332.910
472,台北市北投區中央北路三段40巷34弄18號15樓之2,臺北市北投區桃源里1鄰中央北路三段40巷34弄18號,299023.675,2781343.517
473,台北市北投區中央北路三段40巷34弄18號15樓之3,臺北市北投區桃源里1鄰中央北路三段40巷34弄18號,299023.675,2781343.517
474,台北市北投區中央北路三段40巷34弄18號11樓,臺北市北投區桃源里1鄰中央北路三段40巷34弄18號,299023.675,2781343.517
475,台北市北投區中央北路三段40巷34弄16號16樓之2,臺北市北投區桃源里1鄰中央北路三段40巷34弄16號,298998.288,2781332.910
476,台北市北投區中央北路三段40巷34弄16號16樓之1,臺北市北投區桃源里1鄰中央北路三段40巷34弄16號,298998.288,2781332.910
477,台北市北投區立農街一段１８７巷１０弄１號,臺北市北投區八仙里8鄰立農街一段187巷10弄1號,300880.800,2779224.262
478,台北市北投區中央北路三段40巷34弄18號13樓之2,臺北市北投區桃源里1鄰中央北路三段40巷34弄18號,299023.675,2781343.517
479,台北市北投區新興路６４巷６號二樓,臺北市北投區稻香里8鄰新興路64巷6號,299222.695,2781532.930
480,台北市北投區中和街２８號１３樓之５,臺北市北投區中心里17鄰中和街28號,300714.858,2781152.021
481,北投段411-4地號,找不到指定的門牌地址。,,
482,台北市北投區溫泉路７１號地下一樓之１７,臺北市北投區長安里23鄰溫泉路71號,300895.070,2780894.950
483,台北市北投區復興四路91號,臺北市北投區中和里17鄰復興四路91號,300637.218,2781871.782
484,北投子段393-2地號,找不到指定的門牌地址。,,
485,北投埔段974地號,找不到指定的門牌地址。,,
486,北投子段150-2地號,找不到指定的門牌地址。,,
487,臺北市北投區石牌路一段１６６巷２８之１號４樓,臺北市北投區榮光里24鄰石牌路一段166巷28之1號,301803.262,2778493.620
488,台北市北投區杏林一路２８之３號,臺北市北投區智仁里2鄰杏林一路28之3號,300192.914,2781491.453
489,台北市北投區大度路三段２７０巷６９號十六樓之１,臺北市北投區一德里23鄰大度路三段270巷69號,297109.739,2779708.424
490,台北市北投區石牌路二段348巷16號,臺北市北投區永欣里11鄰石牌路二段348巷16號,302916.827,2779432.358
491,台北市北投區光明路２６號十二樓,臺北市北投區中央里11鄰光明路26號,300345.358,2780535.953
492,台北市北投區懷德街48巷8號二樓,臺北市北投區振華里21鄰懷德街48巷8號,302432.755,2778336.714
493,台北市北投區榮華一路１之７號地下,臺北市北投區榮華里14鄰榮華一路1之7號,302904.186,2778398.862
494,台北市北投區大度路3段270巷61號共有部分,臺北市北投區一德里23鄰大度路三段270巷61號,297121.804,2779694.029
495,台北市北投區中央北路三段２７２號四樓,臺北市北投區桃源里15鄰中央北路三段272號,298311.981,2780891.134
496,台北市北投區復興路32號,找不到指定的門牌地址。,,
497,台北市北投區文化三路87號7樓,臺北市北投區文化里10鄰文化三路87號,300257.544,2781415.469
498,台北市北投區裕民三路9號4樓,臺北市北投區振華里19鄰裕民三路9號,302072.222,2778739.808
499,臺北市北投區泉源路４６號十一樓之２,臺北市北投區中心里20鄰泉源路46號,301304.531,2781457.887
500,台北市北投區尊賢街２２３號四樓,臺北市北投區立賢里4鄰尊賢街223號,301210.675,2778688.037
501,台北市北投區大興街１２號三樓,臺北市北投區中央里16鄰大興街12號,300216.074,2780241.106
502,台北市北投區稻香路１６１巷９號三樓之６,臺北市北投區稻香里11鄰稻香路161巷9號,299263.210,2781586.810
503,台北市北投區尊賢街２０６巷１０號３樓,臺北市北投區尊賢里10鄰尊賢街206巷10號,301285.526,2778653.651
504,北投子段24-7地號,找不到指定的門牌地址。,,
505,台北市北投區大度路三段３０１巷２８弄２０號４樓,臺北市北投區關渡里1鄰大度路三段301巷28弄20號,296920.648,2779400.231
506,台北市北投區中山路１之７號六樓之６,臺北市北投區中心里2鄰中山路1之7號,300905.554,2781077.571
507,台北市北投區公館路２７９巷６號５樓,臺北市北投區奇岩里24鄰公舘路279巷6號,301170.681,2779684.009
508,台北市北投區中山北路七段２１９巷３弄１２１號７樓,臺北市北投區永和里22鄰中山北路七段219巷3弄121號,303447.374,2780019.892
509,台北市北投區中山北路七段２１９巷３弄１８３號七樓,臺北市北投區永和里23鄰中山北路七段219巷3弄183號,303504.771,2780181.260
510,台北市北投區中和街376號5樓,臺北市北投區中和里1鄰中和街376號,300291.161,2781631.399
511,台北市北投區建民路161號,臺北市北投區裕民里3鄰建民路161號,302425.069,2778206.588
512,台北市北投區吉利街３２０巷５弄３號四樓,臺北市北投區吉利里23鄰吉利街320巷5弄3號,301597.109,2778874.423
513,台北市北投區泉源路４８號九樓之２,臺北市北投區中心里20鄰泉源路48號,301326.007,2781489.932
514,台北市北投區中央北路三段40巷34弄16號3樓之3,臺北市北投區桃源里1鄰中央北路三段40巷34弄16號,298998.288,2781332.910
515,台北市北投區中央北路三段40巷34弄16號5樓之3,臺北市北投區桃源里1鄰中央北路三段40巷34弄16號,298998.288,2781332.910
516,台北市北投區中央北路三段40巷34弄16號6樓之3,臺北市北投區桃源里1鄰中央北路三段40巷34弄16號,298998.288,2781332.910
517,台北市北投區中央北路三段40巷34弄16號13樓之3,臺北市北投區桃源里1鄰中央北路三段40巷34弄16號,298998.288,2781332.910
518,台北市北投區中央北路三段40巷34弄16號11樓之2,臺北市北投區桃源里1鄰中央北路三段40巷34弄16號,298998.288,2781332.910
519,台北市北投區中央北路三段40巷34弄16號11樓,臺北市北投區桃源里1鄰中央北路三段40巷34弄16號,298998.288,2781332.910
520,台北市北投區中央北路三段40巷34弄16號18樓之2,臺北市北投區桃源里1鄰中央北路三段40巷34弄16號,298998.288,2781332.910
521,台北市北投區中央北路三段40巷34弄16號8樓,臺北市北投區桃源里1鄰中央北路三段40巷34弄16號,298998.288,2781332.910
522,台北市北投區中央北路三段40巷34弄16號12樓,臺北市北投區桃源里1鄰中央北路三段40巷34弄16號,298998.288,2781332.910
523,台北市北投區中央北路三段40巷34弄16號14樓,臺北市北投區桃源里1鄰中央北路三段40巷34弄16號,298998.288,2781332.910
524,台北市北投區中央北路三段40巷34弄16號3樓之1,臺北市北投區桃源里1鄰中央北路三段40巷34弄16號,298998.288,2781332.910
525,台北市北投區中央北路三段40巷34弄16號11樓之1,臺北市北投區桃源里1鄰中央北路三段40巷34弄16號,298998.288,2781332.910
526,台北市北投區中央北路三段40巷34弄18號4樓,臺北市北投區桃源里1鄰中央北路三段40巷34弄18號,299023.675,2781343.517
527,台北市北投區中央北路三段40巷34弄16號18樓之3,臺北市北投區桃源里1鄰中央北路三段40巷34弄16號,298998.288,2781332.910
528,台北市北投區中央北路三段40巷34弄16號3樓之2,臺北市北投區桃源里1鄰中央北路三段40巷34弄16號,298998.288,2781332.910
529,台北市北投區中央北路三段40巷34弄16號5樓之2,臺北市北投區桃源里1鄰中央北路三段40巷34弄16號,298998.288,2781332.910
530,台北市北投區中央北路三段40巷34弄16號6樓之2,臺北市北投區桃源里1鄰中央北路三段40巷34弄16號,298998.288,2781332.910
531,台北市北投區中央北路三段40巷34弄16號8樓之2,臺北市北投區桃源里1鄰中央北路三段40巷34弄16號,298998.288,2781332.910
532,台北市北投區中央北路三段40巷34弄16號13樓之2,臺北市北投區桃源里1鄰中央北路三段40巷34弄16號,298998.288,2781332.910
533,台北市北投區中央北路三段40巷34弄16號14樓之1,臺北市北投區桃源里1鄰中央北路三段40巷34弄16號,298998.288,2781332.910
534,台北市北投區中央北路三段40巷34弄16號17樓之2,臺北市北投區桃源里1鄰中央北路三段40巷34弄16號,298998.288,2781332.910
535,台北市北投區中央北路三段40巷34弄18號7樓,臺北市北投區桃源里1鄰中央北路三段40巷34弄18號,299023.675,2781343.517
536,台北市北投區中央北路三段40巷34弄18號10樓,臺北市北投區桃源里1鄰中央北路三段40巷34弄18號,299023.675,2781343.517
537,台北市北投區中央北路三段40巷34弄18號8樓之1,臺北市北投區桃源里1鄰中央北路三段40巷34弄18號,299023.675,2781343.517
538,台北市北投區中央北路三段40巷34弄18號10樓之1,臺北市北投區桃源里1鄰中央北路三段40巷34弄18號,299023.675,2781343.517
539,台北市北投區中央北路三段40巷34弄18號11樓之2,臺北市北投區桃源里1鄰中央北路三段40巷34弄18號,299023.675,2781343.517
540,台北市北投區中央北路三段40巷34弄18號20樓,臺北市北投區桃源里1鄰中央北路三段40巷34弄18號,299023.675,2781343.517
541,台北市北投區中央北路三段40巷34弄18號16樓,臺北市北投區桃源里1鄰中央北路三段40巷34弄18號,299023.675,2781343.517
542,台北市北投區中央北路三段40巷34弄18號21樓,臺北市北投區桃源里1鄰中央北路三段40巷34弄18號,299023.675,2781343.517
543,台北市北投區中央北路三段40巷34弄18號19樓之1,臺北市北投區桃源里1鄰中央北路三段40巷34弄18號,299023.675,2781343.517
544,台北市北投區中央北路三段40巷34弄18號5樓之1,臺北市北投區桃源里1鄰中央北路三段40巷34弄18號,299023.675,2781343.517
545,台北市北投區中央北路三段40巷34弄18號6樓,臺北市北投區桃源里1鄰中央北路三段40巷34弄18號,299023.675,2781343.517
546,台北市北投區中央北路三段40巷34弄18號5樓,臺北市北投區桃源里1鄰中央北路三段40巷34弄18號,299023.675,2781343.517
547,台北市北投區中央北路三段40巷34弄18號5樓之3,臺北市北投區桃源里1鄰中央北路三段40巷34弄18號,299023.675,2781343.517
548,台北市北投區中央北路三段40巷34弄18號11樓之3,臺北市北投區桃源里1鄰中央北路三段40巷34弄18號,299023.675,2781343.517
549,台北市北投區中央北路三段40巷34弄18號12樓之1,臺北市北投區桃源里1鄰中央北路三段40巷34弄18號,299023.675,2781343.517
550,台北市北投區中央北路三段40巷34弄16號21樓之1,臺北市北投區桃源里1鄰中央北路三段40巷34弄16號,298998.288,2781332.910
551,台北市北投區中央北路三段40巷34弄18號12樓之3,臺北市北投區桃源里1鄰中央北路三段40巷34弄18號,299023.675,2781343.517
552,台北市北投區中央北路三段40巷34弄16號10樓之1,臺北市北投區桃源里1鄰中央北路三段40巷34弄16號,298998.288,2781332.910
553,台北市北投區中央北路三段40巷34弄16號20樓,臺北市北投區桃源里1鄰中央北路三段40巷34弄16號,298998.288,2781332.910
554,台北市北投區中央北路三段40巷34弄16號9樓之3,臺北市北投區桃源里1鄰中央北路三段40巷34弄16號,298998.288,2781332.910
555,台北市北投區中央北路三段40巷34弄16號19樓之2,臺北市北投區桃源里1鄰中央北路三段40巷34弄16號,298998.288,2781332.910
556,台北市北投區中央北路三段40巷34弄16號10樓之3,臺北市北投區桃源里1鄰中央北路三段40巷34弄16號,298998.288,2781332.910
557,台北市北投區中央北路三段40巷34弄16號3樓,臺北市北投區桃源里1鄰中央北路三段40巷34弄16號,298998.288,2781332.910
558,台北市北投區中央北路三段40巷34弄16號9樓,臺北市北投區桃源里1鄰中央北路三段40巷34弄16號,298998.288,2781332.910
559,台北市北投區中央北路三段40巷34弄16號10樓,臺北市北投區桃源里1鄰中央北路三段40巷34弄16號,298998.288,2781332.910
560,台北市北投區中央北路三段40巷34弄16號5樓之1,臺北市北投區桃源里1鄰中央北路三段40巷34弄16號,298998.288,2781332.910
561,台北市北投區中央北路三段40巷34弄16號9樓之1,臺北市北投區桃源里1鄰中央北路三段40巷34弄16號,298998.288,2781332.910
562,台北市北投區中央北路三段40巷34弄16號4樓之2,臺北市北投區桃源里1鄰中央北路三段40巷34弄16號,298998.288,2781332.910
563,台北市北投區中央北路三段40巷34弄18號7樓之2,臺北市北投區桃源里1鄰中央北路三段40巷34弄18號,299023.675,2781343.517
564,台北市北投區中央北路三段40巷34弄18號9樓,臺北市北投區桃源里1鄰中央北路三段40巷34弄18號,299023.675,2781343.517
565,台北市北投區中央北路三段40巷34弄16號2樓,臺北市北投區桃源里1鄰中央北路三段40巷34弄16號,298998.288,2781332.910
566,台北市北投區中央北路三段40巷34弄18號17樓之2,臺北市北投區桃源里1鄰中央北路三段40巷34弄18號,299023.675,2781343.517
567,台北市北投區中央北路三段40巷34弄18號15樓,臺北市北投區桃源里1鄰中央北路三段40巷34弄18號,299023.675,2781343.517
568,台北市北投區中央北路三段40巷34弄16號14樓之2,臺北市北投區桃源里1鄰中央北路三段40巷34弄16號,298998.288,2781332.910
569,台北市北投區中央北路三段40巷34弄16號7樓之2,臺北市北投區桃源里1鄰中央北路三段40巷34弄16號,298998.288,2781332.910
570,台北市北投區中央北路三段40巷34弄16號4樓之1,臺北市北投區桃源里1鄰中央北路三段40巷34弄16號,298998.288,2781332.910
571,台北市北投區中央北路三段40巷34弄16號12樓之1,臺北市北投區桃源里1鄰中央北路三段40巷34弄16號,298998.288,2781332.910
572,台北市北投區中央北路三段40巷34弄16號13樓之1,臺北市北投區桃源里1鄰中央北路三段40巷34弄16號,298998.288,2781332.910
573,台北市北投區中央北路三段40巷34弄18號4樓之3,臺北市北投區桃源里1鄰中央北路三段40巷34弄18號,299023.675,2781343.517
574,台北市北投區中央北路三段40巷34弄18號9樓之3,臺北市北投區桃源里1鄰中央北路三段40巷34弄18號,299023.675,2781343.517
575,台北市北投區中央北路三段40巷34弄18號4樓之2,臺北市北投區桃源里1鄰中央北路三段40巷34弄18號,299023.675,2781343.517
576,台北市北投區中央北路三段40巷34弄18號9樓之2,臺北市北投區桃源里1鄰中央北路三段40巷34弄18號,299023.675,2781343.517
577,台北市北投區中央北路三段40巷34弄18號3樓,臺北市北投區桃源里1鄰中央北路三段40巷34弄18號,299023.675,2781343.517
578,台北市北投區中央北路三段40巷34弄18號16樓之1,臺北市北投區桃源里1鄰中央北路三段40巷34弄18號,299023.675,2781343.517
579,台北市北投區中央北路三段40巷34弄18號3樓之3,臺北市北投區桃源里1鄰中央北路三段40巷34弄18號,299023.675,2781343.517
580,台北市北投區中央北路三段40巷34弄18號7樓之3,臺北市北投區桃源里1鄰中央北路三段40巷34弄18號,299023.675,2781343.517
581,台北市北投區中央北路三段40巷34弄18號9樓之1,臺北市北投區桃源里1鄰中央北路三段40巷34弄18號,299023.675,2781343.517
582,台北市北投區中央北路三段40巷34弄16號5樓,臺北市北投區桃源里1鄰中央北路三段40巷34弄16號,298998.288,2781332.910
583,台北市北投區中央北路三段40巷34弄18號6樓之3,臺北市北投區桃源里1鄰中央北路三段40巷34弄18號,299023.675,2781343.517
584,台北市北投區中央北路三段40巷34弄18號8樓之3,臺北市北投區桃源里1鄰中央北路三段40巷34弄18號,299023.675,2781343.517
585,台北市北投區中央北路三段40巷34弄18號16樓之3,臺北市北投區桃源里1鄰中央北路三段40巷34弄18號,299023.675,2781343.517
586,台北市北投區中央北路三段40巷34弄18號4樓之1,臺北市北投區桃源里1鄰中央北路三段40巷34弄18號,299023.675,2781343.517
587,台北市北投區中央北路三段40巷34弄18號13樓,臺北市北投區桃源里1鄰中央北路三段40巷34弄18號,299023.675,2781343.517
588,台北市北投區中央北路三段40巷34弄18號8樓之2,臺北市北投區桃源里1鄰中央北路三段40巷34弄18號,299023.675,2781343.517
589,台北市北投區中央北路三段40巷34弄18號12樓,臺北市北投區桃源里1鄰中央北路三段40巷34弄18號,299023.675,2781343.517
590,台北市北投區中央北路三段40巷34弄18號5樓之2,臺北市北投區桃源里1鄰中央北路三段40巷34弄18號,299023.675,2781343.517
591,台北市北投區中央北路三段40巷34弄18號6樓之1,臺北市北投區桃源里1鄰中央北路三段40巷34弄18號,299023.675,2781343.517
592,台北市北投區建民路１２９巷２號５樓,臺北市北投區石牌里7鄰建民路129巷2號,302214.162,2778065.742
593,台北市北投區中央北路三段40巷34弄16號4樓之3,臺北市北投區桃源里1鄰中央北路三段40巷34弄16號,298998.288,2781332.910
594,台北市北投區中央北路三段40巷34弄16號11樓之3,臺北市北投區桃源里1鄰中央北路三段40巷34弄16號,298998.288,2781332.910
595,台北市北投區中央北路三段40巷34弄16號16樓,臺北市北投區桃源里1鄰中央北路三段40巷34弄16號,298998.288,2781332.910
596,台北市北投區中央北路三段40巷34弄16號8樓之1,臺北市北投區桃源里1鄰中央北路三段40巷34弄16號,298998.288,2781332.910
597,台北市北投區中央北路三段40巷34弄16號17樓之1,臺北市北投區桃源里1鄰中央北路三段40巷34弄16號,298998.288,2781332.910
598,台北市北投區中央北路三段40巷34弄16號10樓之2,臺北市北投區桃源里1鄰中央北路三段40巷34弄16號,298998.288,2781332.910
599,台北市北投區中央北路三段40巷34弄18號15樓之1,臺北市北投區桃源里1鄰中央北路三段40巷34弄18號,299023.675,2781343.517
600,台北市北投區中央北路三段40巷34弄18號16樓之2,臺北市北投區桃源里1鄰中央北路三段40巷34弄18號,299023.675,2781343.517
601,台北市北投區中央北路三段40巷34弄18號13樓之1,臺北市北投區桃源里1鄰中央北路三段40巷34弄18號,299023.675,2781343.517
602,台北市北投區中央北路三段40巷34弄18號18樓,臺北市北投區桃源里1鄰中央北路三段40巷34弄18號,299023.675,2781343.517
603,台北市北投區中央北路三段40巷34弄18號18樓之1,臺北市北投區桃源里1鄰中央北路三段40巷34弄18號,299023.675,2781343.517
604,台北市北投區中央北路三段40巷34弄16號17樓,臺北市北投區桃源里1鄰中央北路三段40巷34弄16號,298998.288,2781332.910
605,台北市北投區中央北路三段40巷34弄16號15樓之1,臺北市北投區桃源里1鄰中央北路三段40巷34弄16號,298998.288,2781332.910
606,台北市北投區中央北路3段40巷34弄18號12樓之2,臺北市北投區桃源里1鄰中央北路三段40巷34弄18號,299023.675,2781343.517
607,台北市北投區中央北路三段40巷34弄18號19樓,臺北市北投區桃源里1鄰中央北路三段40巷34弄18號,299023.675,2781343.517
608,台北市北投區中央北路三段40巷34弄18號11樓之1,臺北市北投區桃源里1鄰中央北路三段40巷34弄18號,299023.675,2781343.517
609,台北市北投區中央北路三段40巷34弄16號6樓,臺北市北投區桃源里1鄰中央北路三段40巷34弄16號,298998.288,2781332.910
610,台北市北投區中央北路三段40巷34弄16號7樓,臺北市北投區桃源里1鄰中央北路三段40巷34弄16號,298998.288,2781332.910
611,台北市北投區中央北路三段40巷34弄16號13樓,臺北市北投區桃源里1鄰中央北路三段40巷34弄16號,298998.288,2781332.910
612,台北市北投區中央北路三段40巷34弄16號20樓之1,臺北市北投區桃源里1鄰中央北路三段40巷34弄16號,298998.288,2781332.910
613,台北市北投區中央北路三段40巷34弄16號17樓之3,臺北市北投區桃源里1鄰中央北路三段40巷34弄16號,298998.288,2781332.910
614,台北市北投區中央北路三段40巷34弄16號9樓之2,臺北市北投區桃源里1鄰中央北路三段40巷34弄16號,298998.288,2781332.910
615,台北市北投區中央北路三段40巷34弄16號7樓之1,臺北市北投區桃源里1鄰中央北路三段40巷34弄16號,298998.288,2781332.910
616,台北市北投區中央北路三段40巷34弄16號6樓之1,臺北市北投區桃源里1鄰中央北路三段40巷34弄16號,298998.288,2781332.910
617,台北市北投區中央北路三段40巷34弄18號3樓之2,臺北市北投區桃源里1鄰中央北路三段40巷34弄18號,299023.675,2781343.517
618,台北市北投區溫泉路６８巷33號5樓及25號地下層,臺北市北投區溫泉里23鄰溫泉路68巷33號,301080.679,2780795.040
619,台北市北投區明德路333巷3號3樓,臺北市北投區振華里8鄰明德路333巷3號,302438.981,2778741.873
620,台北市北投區中央北路三段40巷19弄11號4樓之2,臺北市北投區桃源里8鄰中央北路三段40巷19弄11號,298890.478,2781212.534
621,台北市北投區泉源路３０號六樓之３,臺北市北投區中心里5鄰泉源路30號,301086.071,2781364.392
622,台北市北投區裕民六路１１４巷２４弄７號３樓,臺北市北投區裕民里18鄰裕民六路114巷24弄7號,302262.620,2778504.168
623,北投埔段788-1地號,找不到指定的門牌地址。,,
624,台北市北投區杏林二路32號2樓,臺北市北投區智仁里8鄰杏林二路32號,300214.898,2781614.585
625,台北市北投區杏林二路64號2樓,臺北市北投區智仁里9鄰杏林二路64號,300062.858,2781664.404
626,北投埔段101-2地號,找不到指定的門牌地址。,,
627,北投埔段102-1地號,找不到指定的門牌地址。,,
628,台北市北投區溫泉路３７巷３０之１號,臺北市北投區長安里20鄰溫泉路37巷30之1號,300719.939,2780829.899
629,台北市北投區石牌路二段315巷27之5號,臺北市北投區永欣里15鄰石牌路二段315巷27之5號,302611.615,2779532.370
630,台北市北投區中央北路二段４０６號４樓,臺北市北投區稻香里3鄰中央北路二段406號,299151.710,2781206.171
631,台北市北投區石牌路二段１２號３樓,臺北市北投區振華里17鄰石牌路二段12號,301995.424,2778660.549
632,台北市北投區大業路５４６號9樓,臺北市北投區大同里4鄰大業路546號,300097.645,2780833.432
633,台北市北投區西安街一段293巷8號,臺北市北投區榮光里7鄰西安街一段293巷8號,302068.804,2778317.183
634,台北市北投區豐年路一段５８號二樓,臺北市北投區大同里3鄰豐年路一段58號,300208.962,2780762.972
635,台北市北投區東華街一段４９０號１３樓,臺北市北投區裕民里9鄰東華街一段490號,302187.613,2778367.128
636,台北市北投區泉源路58號3樓,臺北市北投區林泉里9鄰泉源路58號,301705.416,2781534.703
637,台北市北投區中和街４９３巷５弄１０號四樓,臺北市北投區智仁里12鄰中和街493巷5弄10號,299936.259,2781847.223
638,台北市北投區大業路７３７巷４號二樓,臺北市北投區中心里15鄰大業路737巷4號,300668.478,2781124.657
639,台北市北投區大度路三段２７０巷６７號八樓之３,臺北市北投區一德里23鄰大度路三段270巷67號,297126.674,2779737.421
640,台北市北投區明德路２０１號二樓之１０,臺北市北投區裕民里4鄰明德路201號,302558.387,2778256.960
641,台北市北投區中山北路七段２１９巷３弄７７號四樓,臺北市北投區永和里21鄰中山北路七段219巷3弄77號,303536.033,2780065.757
642,台北市北投區同德街３０號４樓,臺北市北投區永欣里21鄰同德街30號,303337.356,2779754.281
643,台北市北投區文林北路２４２號７樓之１,臺北市北投區文林里15鄰文林北路242號,301800.289,2777929.210
644,台北市北投區石牌路二段357巷7號4樓,臺北市北投區永和里1鄰石牌路二段357巷7號,302911.310,2779633.115
645,台北市北投區大度路三段２７０巷６７號十九樓之１,臺北市北投區一德里23鄰大度路三段270巷67號,297126.674,2779737.421
646,台北市北投區泉源路41巷45號2樓,臺北市北投區中心里11鄰泉源路41巷45號,301019.989,2781484.048
647,南投縣草屯鎮北投路１６０號,南投縣草屯鎮北投里11鄰北投路160號,215823.970,2653336.270
648,台北市北投區溫泉路１４３之３號三樓,臺北市北投區林泉里10鄰溫泉路143之3號,301683.320,2781406.563
649,台北市北投區中山路２８之１１號八樓,臺北市北投區林泉里3鄰中山路28之11號,301454.880,2781082.140
650,台北市北投區清江路２４５巷４３號,臺北市北投區清江里22鄰清江路245巷43號,300714.811,2779862.626
651,台北市北投區溫泉路８２號四樓,臺北市北投區溫泉里15鄰溫泉路82號,301038.163,2780834.365
652,台北市北投區致遠一路二段１２９巷１號三樓,臺北市北投區福興里10鄰致遠一路二段129巷1號,301660.434,2778444.203
653,北投埔段1366地號,找不到指定的門牌地址。,,
654,台北市北投區光明路68號17樓之7,臺北市北投區中央里8鄰光明路68號,300438.793,2780576.802
655,台北市北投區大度路三段２７０巷６９號十三樓之２,臺北市北投區一德里23鄰大度路三段270巷69號,297109.739,2779708.424
656,台北市北投區光明路242號4樓之19,臺北市北投區溫泉里11鄰光明路242號,301221.712,2780950.475
657,台北市北投區大度路三段297號11樓之2,臺北市北投區關渡里2鄰大度路三段297號,297053.961,2779476.333
658,台北市北投區翠嶺路３５號４樓,臺北市北投區泉源里1鄰翠嶺路35號,301218.260,2781758.071
659,台北市北投區大業路５２９號二樓之３,臺北市北投區豐年里16鄰大業路529號,300038.213,2780834.671
660,台北市北投區稻香路１６１巷７號１０樓之１,臺北市北投區稻香里11鄰稻香路161巷7號,299279.348,2781597.657
661,台北市北投區清江路６８號４樓之２,臺北市北投區清江里9鄰清江路68號,300588.776,2780319.887
662,台北市北投區行義路１５８巷１１號七樓之２,臺北市北投區永和里12鄰行義路158巷11號,303329.222,2780380.816
663,台北市北投區溫泉路７１號五樓之３１,臺北市北投區長安里23鄰溫泉路71號,300895.070,2780894.950
664,台北市北投區公館路255巷2之1號三樓,臺北市北投區奇岩里13鄰公舘路255巷2之1號,301281.429,2779778.855
665,台北市北投區中和街２０巷６６號三樓,臺北市北投區中心里13鄰中和街20巷66號,300866.571,2781266.103
666,台北市北投區自強街5巷102弄7號3樓,臺北市北投區福興里7鄰自強街5巷102弄7號,301596.121,2778329.361
667,台北市北投區大度路三段297號2樓之3,臺北市北投區關渡里2鄰大度路三段297號,297053.961,2779476.333
668,台北市北投區吉利街257巷5弄9號3樓,臺北市北投區立農里3鄰吉利街257巷5弄9號,301449.224,2779074.257
669,台北市北投區立農街一段２４號三樓,臺北市北投區立農里20鄰立農街一段24號,300734.243,2779104.946
670,台北市北投區光明路200號等,臺北市北投區長安里21鄰光明路200號,300763.043,2780909.890
671,台北市北投區行義路136之1號5樓,臺北市北投區永和里9鄰行義路136之1號,303230.025,2780219.063
672,台北市北投區光明路７２巷６６號四樓,臺北市北投區中央里6鄰光明路72巷66號,300529.174,2780524.887
673,台北市北投區西安街一段189號三樓之1,臺北市北投區石牌里7鄰西安街一段189號,302248.831,2778093.859
674,台北市北投區同德街44巷５號5樓,臺北市北投區永欣里20鄰同德街44巷5號,303257.919,2779635.123
675,台北市北投區東陽街４５８號,臺北市北投區裕民里11鄰東陽街458號,302350.510,2778319.478
676,台北市北投區文林北路276號8樓,臺北市北投區文林里10鄰文林北路276號,301737.266,2777993.393
677,台北市北投區公?路２０９巷３６弄３號,找不到指定的門牌地址。,,
678,台北市北投區知行路316巷6弄4號5樓,臺北市北投區關渡里21鄰知行路316巷6弄4號,297147.526,2779401.754
679,台北市北投區大同街１２５巷８號,臺北市北投區大同里5鄰大同街125巷8號,300242.422,2780805.453
680,台北市北投區光明路２２號二十樓之２,臺北市北投區中央里11鄰光明路22號,300349.495,2780515.617
681,台北市北投區明德路２８８號五樓之１,臺北市北投區榮華里5鄰明德路288號,302706.325,2778636.231
682,台北市北投區大興街２３巷７號四樓,臺北市北投區大同里16鄰大興街23巷7號,300219.516,2780280.166
683,台北市北投區中央北路三段１４８巷４弄２號四樓,臺北市北投區桃源里10鄰中央北路三段148巷4弄2號,298673.390,2781117.612
684,台北市北投區珠海路２６號八樓之２,臺北市北投區中心里16鄰珠海路26號,300629.716,2781138.669
685,台北市北投區榮華一路3之3號,臺北市北投區榮華里14鄰榮華一路3之3號,302896.015,2778358.896
686,台北市北投區清江路193之2號3樓,臺北市北投區清江里16鄰清江路193之2號,300638.506,2780009.848
687,台北市北投區東華街二段182號3樓,臺北市北投區東華里13鄰東華街二段182號,301535.184,2779189.455
688,台北市北投區西安街一段187號三樓,臺北市北投區石牌里7鄰西安街一段187號,302254.759,2778084.969
689,台北市北投區中央北路四段４８０之１９號,臺北市北投區一德里13鄰中央北路四段480之19號,297322.158,2780170.691
690,台北市北投區中央南路二段28號9樓之8,臺北市北投區八仙里18鄰中央南路二段28號,300433.429,2779774.163
691,台北市北投區泉源路４８號７樓之２,臺北市北投區中心里20鄰泉源路48號,301326.007,2781489.932
692,台北市北投區中山路1之6號七樓之2,臺北市北投區中心里2鄰中山路1之6號,300892.793,2781047.233
693,臺北市北投區石牌路一段１６６巷２６之１號６樓,臺北市北投區榮光里24鄰石牌路一段166巷26之1號,301799.044,2778500.328
694,臺北市北投區中央南路二役14號,臺北市北投區中央里6鄰中央南路一段14號,300556.667,2780586.358
695,臺北市北投區石牌路一段１６６巷２６之１號４樓,臺北市北投區榮光里24鄰石牌路一段166巷26之1號,301799.044,2778500.328
696,台北市北投區公館路４１８號七樓之１及公館路４０６號等門牌房屋地下一、二層,臺北市北投區八仙里15鄰公舘路418號,300690.427,2779410.066
697,台北市北投區公館路406號,臺北市北投區八仙里15鄰公舘路406號,300693.278,2779433.027
698,台北市北投區自強街26號5樓,臺北市北投區文林里1鄰自強街26號,301726.283,2778076.589
699,北投埔段991地號,找不到指定的門牌地址。,,
700,台北市北投區吉利街１２７巷５號六樓之５,臺北市北投區立農里11鄰吉利街127巷5號,301132.810,2779083.162
701,台北市北投區中央北路三段40巷34弄18號7樓之1,臺北市北投區桃源里1鄰中央北路三段40巷34弄18號,299023.675,2781343.517
702,宜蘭縣羅東鎮北投街６６號,宜蘭縣羅東鎮北成里7鄰北投街66號,326065.000,2729755.000
703,台北市北投區公?路423巷8弄3號2樓,找不到指定的門牌地址。,,
704,台北市北投區新民路53之1號8樓之7,臺北市北投區林泉里6鄰新民路53之1號,301470.750,2781405.284
705,台北市北投區新民路53之1號2樓之8,臺北市北投區林泉里6鄰新民路53之1號,301470.750,2781405.284
706,台北市北投區中央北路三段４０巷２弄１７號二樓,臺北市北投區桃源里2鄰中央北路三段40巷2弄17號,298994.700,2781256.003
707,台北市北投區公館路２６７之１號五樓,臺北市北投區奇岩里15鄰公舘路267之1號,301204.886,2779745.348
708,台北市北投區中央北路三段40巷42號三樓,臺北市北投區桃源里17鄰中央北路三段40巷42號,298872.226,2781343.643
709,台北市北投區自強街31巷51號3樓,臺北市北投區福興里13鄰自強街31巷51號,301646.201,2778230.294
710,台北市北投區稻香路１６１巷９號九樓之６,臺北市北投區稻香里11鄰稻香路161巷9號,299263.210,2781586.810
711,台北市北投區中央北路四段３１６巷１弄６號五樓,臺北市北投區一德里7鄰中央北路四段316巷1弄6號,297612.690,2780375.477
712,台北市北投區立農街二段8號4樓,臺北市北投區東華里15鄰立農街二段8號,301693.739,2779105.518
713,台北市北投區知行路８０號五樓,臺北市北投區關渡里12鄰知行路80號,297224.966,2778957.938
714,台北市北投區文化三路83號6樓,臺北市北投區文化里10鄰文化三路83號,300252.940,2781400.927
715,台北市北投區吉利街170號3樓,臺北市北投區吉利里19鄰吉利街170號,301344.322,2779009.271
716,台北市北投區中和街455巷11弄6號2樓,臺北市北投區智仁里9鄰中和街455巷11弄6號,300045.940,2781704.183
717,台北市北投區同德街40巷7號3樓,臺北市北投區永欣里23鄰同德街40巷7號,303253.485,2779663.242
718,台北市北投區自強街３１巷１號四樓,臺北市北投區福興里11鄰自強街31巷1號,301715.030,2778113.014
719,台北市北投區吉利街164巷2弄4號4樓,臺北市北投區吉利里16鄰吉利街164巷2弄4號,301303.163,2778984.108
720,台北市北投區致遠一路二段１２巷５弄７號,臺北市北投區榮光里10鄰致遠一路二段12巷5弄7號,301915.576,2778230.548
721,台北市北投區溫泉路37巷26號12樓之6,臺北市北投區長安里20鄰溫泉路37巷26號,300697.978,2780809.659
722,台北市北投區明德路１５０巷１１號３樓,臺北市北投區榮華里13鄰明德路150巷11號,302571.316,2778113.589
723,台北市北投區中和街５０２巷１４弄４號三樓,臺北市北投區秀山里15鄰中和街502巷14弄4號,299866.059,2782190.287
724,台北市北投區榮華一路４巷４號地下之１,臺北市北投區榮華里11鄰榮華一路4巷4號,302856.558,2778334.274
725,台北市北投區石牌路二段３１５巷２８弄１４之６號３樓,臺北市北投區永欣里1鄰石牌路二段315巷28弄14之6號,302755.071,2779561.142
726,台北市北投區石牌路一段７１巷３弄１４號四樓,臺北市北投區吉慶里12鄰石牌路一段71巷3弄14號,301477.647,2778461.551
727,台北市北投區新民路５３之１號五樓之５,臺北市北投區林泉里6鄰新民路53之1號,301470.750,2781405.284
728,台北市北投區實踐街３４號四樓,臺北市北投區吉慶里2鄰實踐街34號,301294.000,2778619.301
729,北投段1172-7地號,找不到指定的門牌地址。,,
730,台北市北投區溫泉路８７號九樓,臺北市北投區溫泉里15鄰溫泉路87號,301076.436,2780877.683
731,台北市北投區中和街２０巷２號四樓之５,臺北市北投區中心里3鄰中和街20巷2號,300752.788,2781132.296
732,台北市北投區清江路２５巷１６號１１樓,臺北市北投區清江里2鄰清江路25巷16號,300655.174,2780422.762
733,台北市北投區中央南路一段25巷1號7樓之3,臺北市北投區中央里2鄰中央南路一段25巷1號,300582.552,2780556.685
734,台北市北投區杏林二路６號四樓,臺北市北投區智仁里7鄰杏林二路6號,300291.913,2781505.745
735,台北市北投區光明路２４０之１０號五樓,臺北市北投區溫泉里11鄰光明路240之10號,301174.108,2780945.713
736,台北市北投區大業路４５８號十樓,臺北市北投區大同里18鄰大業路458號,300052.678,2780470.151
737,台北市北投區行義路170巷1號2樓,臺北市北投區永和里13鄰行義路170巷1號,303302.971,2780441.913
738,臺北市北投區明德路３８巷18號四樓,臺北市北投區建民里17鄰明德路38巷18號,302303.629,2777727.845
739,臺北市北投區明德路３８巷20號四樓,臺北市北投區建民里17鄰明德路38巷20號,302282.727,2777720.966
740,台北市北投區中央北路三段１４８巷２弄１０號三樓,臺北市北投區桃源里10鄰中央北路三段148巷2弄10號,298719.961,2781106.649
741,台北市北投區大度路三段２７０巷６７號十七樓之２,臺北市北投區一德里23鄰大度路三段270巷67號,297126.674,2779737.421
742,台北市北投區知行路226號6樓,臺北市北投區關渡里17鄰知行路226號,297123.748,2779218.936
743,台北市北投區中央北路四段480號,臺北市北投區一德里13鄰中央北路四段480號,297311.047,2780112.615
744,台北市北投區杏林二路７號５樓,臺北市北投區智仁里7鄰杏林二路7號,300266.952,2781538.774
745,台北市北投區立功街１００號６樓之１,臺北市北投區一德里15鄰立功街100號,297597.354,2779726.213
746,台北市北投區明德路271之2號1樓,臺北市北投區榮華里4鄰明德路271之2號,302673.053,2778582.984
747,台北市北投區中和街４０號７樓之３５,臺北市北投區中心里17鄰中和街40號,300686.005,2781179.944
748,台北市北投區石牌路一段５８巷２１號三樓，北投區石牌路一段60號地下層,臺北市北投區福興里2鄰石牌路一段58巷21號,301601.702,2778397.188
749,台北市北投區大度路三段２７０巷６７號五樓之３,臺北市北投區一德里23鄰大度路三段270巷67號,297126.674,2779737.421
750,台北市北投區光明路２４０之１號三樓,臺北市北投區溫泉里11鄰光明路240之1號,301185.102,2780932.657
751,台北市北投區懷德街99巷9號7樓,臺北市北投區振華里4鄰懷德街99巷9號,302380.014,2778578.902
752,台北市北投區中和街20巷2號12樓之2,臺北市北投區中心里3鄰中和街20巷2號,300752.788,2781132.296
753,台北市北投區大度路三段296巷1號,臺北市北投區一德里22鄰大度路三段296巷5號,297031.590,2779555.415
754,台北市北投區崗山路18號六樓之2,臺北市北投區稻香里4鄰崗山路18號,299096.228,2781514.345
755,台北市北投區立農街二段２６６號三樓之１,臺北市北投區永明里9鄰立農街二段266號,301978.495,2779015.620
756,台北市北投區中央北路一段１１７號,臺北市北投區大同里6鄰中央北路一段117號,300331.440,2780814.859
757,台北市北投區中央北路一段１１３號二樓,臺北市北投區大同里6鄰中央北路一段113號,300343.863,2780806.923
758,台北市北投區中央北路一段１１５號二樓,臺北市北投區大同里6鄰中央北路一段115號,300337.386,2780811.552
759,台北市北投區中央北路一段１１３號三樓,臺北市北投區大同里6鄰中央北路一段113號,300343.863,2780806.923
760,台北市北投區中央北路一段１１５號四樓,臺北市北投區大同里6鄰中央北路一段115號,300337.386,2780811.552
761,台北市北投區中央北路一段１１３號五樓,臺北市北投區大同里6鄰中央北路一段113號,300343.863,2780806.923
762,台北市北投區中央北路一段１１３號六樓,臺北市北投區大同里6鄰中央北路一段113號,300343.863,2780806.923
763,台北市北投區中央北路一段１１３號七樓,臺北市北投區大同里6鄰中央北路一段113號,300343.863,2780806.923
764,台北市北投區中央北路一段１１５號七樓,臺北市北投區大同里6鄰中央北路一段115號,300337.386,2780811.552
765,台北市北投區中央北路一段１１９號七樓,臺北市北投區大同里6鄰中央北路一段119號,300325.492,2780805.731
766,台北市北投區中央北路三段40巷42之1號二樓之1,臺北市北投區桃源里17鄰中央北路三段40巷42之1號,298893.412,2781355.822
767,台北市北投區中央北路三段40巷42號五樓之1,臺北市北投區桃源里17鄰中央北路三段40巷42號,298872.226,2781343.643
768,台北市北投區中央北路三段40巷42號五樓,臺北市北投區桃源里17鄰中央北路三段40巷42號,298872.226,2781343.643
769,台北市北投區新興路６４巷６號,臺北市北投區稻香里8鄰新興路64巷6號,299222.695,2781532.930
770,台北市北投區光明路68號8樓之2,臺北市北投區中央里8鄰光明路68號,300438.793,2780576.802
771,台北市北投區中央北路三段40巷42號二樓之1,臺北市北投區桃源里17鄰中央北路三段40巷42號,298872.226,2781343.643
772,台北市北投區中央北路三段40巷42號四樓之1,臺北市北投區桃源里17鄰中央北路三段40巷42號,298872.226,2781343.643
773,台北市北投區中央北路三段40巷42之1號三樓,臺北市北投區桃源里17鄰中央北路三段40巷42之1號,298893.412,2781355.822
774,台北市北投區致遠一路二段５７巷１２號３樓,臺北市北投區福興里18鄰致遠一路二段57巷12號,301727.760,2778273.058
775,台北市北投區中央北路三段40巷42之1號六樓,臺北市北投區桃源里17鄰中央北路三段40巷42之1號,298893.412,2781355.822
776,台北市北投區中央北路三段４０巷４２之１號五樓,臺北市北投區桃源里17鄰中央北路三段40巷42之1號,298893.412,2781355.822
777,台北市北投區中央北路四段138巷4號,臺北市北投區一德里4鄰中央北路四段138巷4號,297984.886,2780694.384
778,臺北市北投區明德路３８巷１６號三樓,臺北市北投區建民里17鄰明德路38巷16號,302294.897,2777732.872
779,台北市北投區知行路214巷31號10樓,臺北市北投區關渡里6鄰知行路214巷31號,297234.954,2779194.149
780,台北市北投區中央北路三段40巷42號二樓,臺北市北投區桃源里17鄰中央北路三段40巷42號,298872.226,2781343.643
781,台北市北投區中央北路三段40巷42號六樓,臺北市北投區桃源里17鄰中央北路三段40巷42號,298872.226,2781343.643
782,台北市北投區大業路280巷9弄10-1號3樓,臺北市北投區中央里26鄰大業路280巷9弄10之1號,300305.738,2780035.401
783,台北市北投區義方街１９號２樓,臺北市北投區開明里4鄰義方街19號,300578.158,2781487.963
784,台北市北投區裕民六路114巷39之1號三樓,臺北市北投區裕民里20鄰裕民六路114巷39之1號,302335.374,2778561.523
785,臺北市北投區明德路３８巷１６號四樓,臺北市北投區建民里17鄰明德路38巷16號,302294.897,2777732.872
786,臺北市北投區明德路３８巷20號三樓,臺北市北投區建民里17鄰明德路38巷20號,302282.727,2777720.966
787,台北市北投區杏林二路３０號３樓,臺北市北投區智仁里8鄰杏林二路30號,300221.088,2781610.353
788,台北市北投區知行路230號10樓,臺北市北投區關渡里17鄰知行路230號,297143.435,2779208.356
789,台北市北投區大度路三段296號1樓,臺北市北投區關渡里2鄰大度路三段295號;臺北市北投區關渡里2鄰大度路三段297號,297069.518;297053.961,2779474.111;2779476.333
790,台北市北投區樹林路１０之１號二樓,臺北市北投區稻香里12鄰樹林路10之1號,299440.587,2781673.589
791,台北市北投區大度路三段２７０巷６７號十八樓,臺北市北投區一德里23鄰大度路三段270巷67號,297126.674,2779737.421
792,台北市北投區大度路三段２７０巷６７號六樓之３,臺北市北投區一德里23鄰大度路三段270巷67號,297126.674,2779737.421
793,台北市北投區大度路三段２７０巷６７號六樓之５,臺北市北投區一德里23鄰大度路三段270巷67號,297126.674,2779737.421
794,台北市北投區中央北路三段40巷42之1號二樓,臺北市北投區桃源里17鄰中央北路三段40巷42之1號,298893.412,2781355.822
795,台北市北投區中和街４９３巷１６弄８號三樓,臺北市北投區智仁里16鄰中和街493巷16弄8號,299828.369,2781841.441
796,台北市北投區石牌路一段７１巷３弄５號五樓,臺北市北投區吉慶里13鄰石牌路一段71巷3弄5號,301517.429,2778464.671
797,台北市北投區明德路２０１號三樓之１,臺北市北投區裕民里4鄰明德路201號,302558.387,2778256.960
798,台北市北投區中央北路一段１１５號三樓,臺北市北投區大同里6鄰中央北路一段115號,300337.386,2780811.552
799,台北市北投區中央北路一段１１３號九樓,臺北市北投區大同里6鄰中央北路一段113號,300343.863,2780806.923
800,台北市北投區中央北路一段115號九樓,臺北市北投區大同里6鄰中央北路一段115號,300337.386,2780811.552
801,台北市北投區中央北路一段119號九樓,臺北市北投區大同里6鄰中央北路一段119號,300325.492,2780805.731
802,台北市北投區中央北路一段117號十樓,臺北市北投區大同里6鄰中央北路一段117號,300331.440,2780814.859
803,台北市北投區中央北路一段119號十樓,臺北市北投區大同里6鄰中央北路一段119號,300325.492,2780805.731
804,台北市北投區中央北路113號十一樓,臺北市北投區豐年里4鄰中央北路二段113號;臺北市北投區大同里6鄰中央北路一段113號,299876.424;300343.863,2781052.657;2780806.923
805,台北市北投區中央北路117號十一樓,臺北市北投區豐年里4鄰中央北路二段117號;臺北市北投區大同里6鄰中央北路一段117號,299869.501;300331.440,2781056.007;2780814.859
806,台北市北投區中央北路ㄧ段113號十二樓,臺北市北投區大同里6鄰中央北路一段113號,300343.863,2780806.923
807,台北市北投區中央北路一段115號十二樓,臺北市北投區大同里6鄰中央北路一段115號,300337.386,2780811.552
808,台北市北投區中央北路一段117號十二樓,臺北市北投區大同里6鄰中央北路一段117號,300331.440,2780814.859
809,台北市北投區中央北路一段１１５號八樓,臺北市北投區大同里6鄰中央北路一段115號,300337.386,2780811.552
810,台北市北投區中央北路一段１１７號八樓,臺北市北投區大同里6鄰中央北路一段117號,300331.440,2780814.859
811,台北市北投區中央北路一段113號十三樓,臺北市北投區大同里6鄰中央北路一段113號,300343.863,2780806.923
812,台北市北投區中央北路一段117號十三樓,臺北市北投區大同里6鄰中央北路一段117號,300331.440,2780814.859
813,台北市北投區中央北路一段117號十四樓,臺北市北投區大同里6鄰中央北路一段117號,300331.440,2780814.859
814,台北市北投區中央北路一段119號十四樓,臺北市北投區大同里6鄰中央北路一段119號,300325.492,2780805.731
815,台北市北投區中央北路一段113號十五樓,臺北市北投區大同里6鄰中央北路一段113號,300343.863,2780806.923
816,台北市北投區中央北路一段115號十五樓,臺北市北投區大同里6鄰中央北路一段115號,300337.386,2780811.552
817,台北市北投區中央北路一段117號十五樓,臺北市北投區大同里6鄰中央北路一段117號,300331.440,2780814.859
818,台北市北投區中央北路一段１１５號十三樓,臺北市北投區大同里6鄰中央北路一段115號,300337.386,2780811.552
819,台北市北投區中央北路一段115號十一樓,臺北市北投區大同里6鄰中央北路一段115號,300337.386,2780811.552
820,台北市北投區中央北路一段113號四樓,臺北市北投區大同里6鄰中央北路一段113號,300343.863,2780806.923
821,台北市北投區中央北路一段１１７號七樓,臺北市北投區大同里6鄰中央北路一段117號,300331.440,2780814.859
822,台北市北投區大興街５４號二樓之１,臺北市北投區中央里17鄰大興街54號,300454.538,2780311.111
823,臺北市北投區中央北路二段１３１巷３弄１４號,臺北市北投區豐年里5鄰中央北路二段131巷3弄14號,299846.620,2781031.129
824,台北市北投區泉源路50號10樓,臺北市北投區中心里20鄰泉源路50號,301344.522,2781454.504
825,台北市北投區新興路78巷16號2樓,臺北市北投區稻香里6鄰新興路78巷16號,299188.641,2781458.600
826,北投埔段1153地號,找不到指定的門牌地址。,,
827,台北市北投區光明路2巷1弄3號2樓,臺北市北投區中央里12鄰光明路2巷1弄3號,300348.103,2780493.464
828,台北市北投區裕民六路2號九樓之4,臺北市北投區裕民里22鄰裕民六路2號,302155.272,2778444.526
829,台北市北投區中央北路一段１８２號,臺北市北投區長安里7鄰中央北路一段182號,300202.976,2780917.492
830,台北市北投區知行路214巷27號8樓,臺北市北投區關渡里6鄰知行路214巷27號,297224.900,2779212.669
831,台北市北投區知行路214巷27號6樓,臺北市北投區關渡里6鄰知行路214巷27號,297224.900,2779212.669
832,台北市北投區致遠二路１１３巷１７號,臺北市北投區吉利里10鄰致遠二路113巷17號,301558.734,2778853.666
833,北投埔段1919-1地號,找不到指定的門牌地址。,,
834,臺北市北投區明德路３８巷18號二樓,臺北市北投區建民里17鄰明德路38巷18號,302303.629,2777727.845
835,台北市北投區奇岩路４３號,臺北市北投區溫泉里21鄰奇岩路43號,301135.201,2780572.481
836,北投段398地號,找不到指定的門牌地址。,,
837,台北市北投區溫泉路９６號三樓之１,臺北市北投區林泉里12鄰溫泉路96號,301307.405,2780946.984
838,台北市北投區中央南路一段82、84號,臺北市北投區清江里21鄰中央南路一段223號,300514.178,2780028.228
839,台北市北投區溫泉路32號4樓之2,臺北市北投區溫泉里3鄰溫泉路32號,300815.836,2780685.983
840,臺北市北投區泉源路４６號十三樓之２,臺北市北投區中心里20鄰泉源路46號,301304.531,2781457.887
841,台北市北投區大度路三段３０１巷５４號４樓,臺北市北投區關渡里4鄰大度路三段301巷54號,296967.077,2779343.478
842,台北市北投區榮華一路４巷４號,臺北市北投區榮華里11鄰榮華一路4巷4號,302856.558,2778334.274
843,台北市北投區大度路三段２７０巷６７號四樓之３,臺北市北投區一德里23鄰大度路三段270巷67號,297126.674,2779737.421
844,臺北市北投區明德路３８巷２０號二樓,臺北市北投區建民里17鄰明德路38巷20號,302282.727,2777720.966
845,臺北市北投區明德路３８巷１６號二樓,臺北市北投區建民里17鄰明德路38巷16號,302294.897,2777732.872
846,臺北市北投區泉源路４６號八樓之３,臺北市北投區中心里20鄰泉源路46號,301304.531,2781457.887
847,臺北市北投區明德路３８巷18號七樓,臺北市北投區建民里17鄰明德路38巷18號,302303.629,2777727.845
848,臺北市北投區明德路３８巷１６號九樓,臺北市北投區建民里17鄰明德路38巷16號,302294.897,2777732.872
849,臺北市北投區明德路３８巷１８號五樓,臺北市北投區建民里17鄰明德路38巷18號,302303.629,2777727.845
850,台北市北投區尊賢街２４９巷２８號二樓,臺北市北投區立賢里7鄰尊賢街249巷28號,300969.441,2778858.753
851,臺北市北投區明德路３８巷１８號三樓,臺北市北投區建民里17鄰明德路38巷18號,302303.629,2777727.845
852,台北市北投區知行路５巷２０號四樓,臺北市北投區關渡里15鄰知行路5巷20號,297035.146,2778994.208
853,台北市北投區公?路４２７號８樓,找不到指定的門牌地址。,,
854,臺北市北投區明德路３８巷20號五樓,臺北市北投區建民里17鄰明德路38巷20號,302282.727,2777720.966
855,臺北市北投區石牌路一段１６６巷２８號５樓,臺北市北投區榮光里24鄰石牌路一段166巷28號,301811.166,2778500.560
856,臺北市北投區行義路１７０巷２７弄１１號二樓,臺北市北投區永和里24鄰行義路170巷27弄11號,303411.152,2780495.964
857,臺北市北投區泉源路４６號二樓之２,臺北市北投區中心里20鄰泉源路46號,301304.531,2781457.887
858,臺北市北投區泉源路４６號十二樓之２,臺北市北投區中心里20鄰泉源路46號,301304.531,2781457.887
859,臺北市北投區明德路３８巷20號六樓,臺北市北投區建民里17鄰明德路38巷20號,302282.727,2777720.966
860,臺北市北投區明德路３８巷18號8樓,臺北市北投區建民里17鄰明德路38巷18號,302303.629,2777727.845
861,臺北市北投區明德路３８巷１６號八樓,臺北市北投區建民里17鄰明德路38巷16號,302294.897,2777732.872
862,台北市北投區知行路２號,臺北市北投區關渡里13鄰知行路2號,296928.681,2778915.009
863,臺北市北投區裕民六路１２７號１２樓,臺北市北投區裕民里24鄰裕民六路127號,302168.753,2778630.080
864,臺北市北投區裕民六路１２３號１２樓,臺北市北投區裕民里24鄰裕民六路123號,302186.636,2778639.833
865,台北市北投區大度路三段２７０巷６７號十三樓之３,臺北市北投區一德里23鄰大度路三段270巷67號,297126.674,2779737.421
866,台北市北投區崇仰六路17號19號,臺北市北投區奇岩里23鄰崇仰六路17號,302156.318,2780190.723
867,臺北市北投區裕民六路１２１號１３樓,臺北市北投區裕民里24鄰裕民六路121號,302183.450,2778624.217
868,臺北市北投區裕民六路１２１號,臺北市北投區裕民里24鄰裕民六路121號,302183.450,2778624.217
869,臺北市北投區裕民六路１２１號３樓,臺北市北投區裕民里24鄰裕民六路121號,302183.450,2778624.217
870,臺北市北投區裕民六路１２５號１３樓,臺北市北投區裕民里24鄰裕民六路125號,302169.587,2778641.449
871,臺北市北投區裕民六路１２３號１１樓,臺北市北投區裕民里24鄰裕民六路123號,302186.636,2778639.833
872,臺北市北投區裕民六路１２３號１０樓,臺北市北投區裕民里24鄰裕民六路123號,302186.636,2778639.833
873,台北市北投區中央北路二段１０４號,臺北市北投區文化里1鄰中央北路二段104號,299613.727,2781192.132
874,臺北市北投區裕民六路１２３號９樓,臺北市北投區裕民里24鄰裕民六路123號,302186.636,2778639.833
875,臺北市北投區裕民六路１２１號７樓,臺北市北投區裕民里24鄰裕民六路121號,302183.450,2778624.217
876,臺北市北投區裕民六路１２１號９樓,臺北市北投區裕民里24鄰裕民六路121號,302183.450,2778624.217
877,臺北市北投區裕民六路１２５號６樓,臺北市北投區裕民里24鄰裕民六路125號,302169.587,2778641.449
878,臺北市北投區裕民六路１２１號１０樓,臺北市北投區裕民里24鄰裕民六路121號,302183.450,2778624.217
879,臺北市北投區裕民六路１２７號４樓,臺北市北投區裕民里24鄰裕民六路127號,302168.753,2778630.080
880,臺北市北投區裕民六路１２７號１１樓,臺北市北投區裕民里24鄰裕民六路127號,302168.753,2778630.080
881,臺北市北投區裕民六路１２３號５樓,臺北市北投區裕民里24鄰裕民六路123號,302186.636,2778639.833
882,臺北市北投區裕民六路１２１號８樓,臺北市北投區裕民里24鄰裕民六路121號,302183.450,2778624.217
883,臺北市北投區裕民六路１２７號７樓,臺北市北投區裕民里24鄰裕民六路127號,302168.753,2778630.080
884,臺北市北投區裕民六路１２５號８樓,臺北市北投區裕民里24鄰裕民六路125號,302169.587,2778641.449
885,臺北市北投區裕民六路１２１號５樓,臺北市北投區裕民里24鄰裕民六路121號,302183.450,2778624.217
886,臺北市北投區裕民六路１２３號３樓,臺北市北投區裕民里24鄰裕民六路123號,302186.636,2778639.833
887,臺北市北投區裕民六路１２５號９樓,臺北市北投區裕民里24鄰裕民六路125號,302169.587,2778641.449
888,臺北市北投區裕民六路１２５號１１樓,臺北市北投區裕民里24鄰裕民六路125號,302169.587,2778641.449
889,臺北市北投區裕民六路１２３號７樓,臺北市北投區裕民里24鄰裕民六路123號,302186.636,2778639.833
890,臺北市北投區裕民六路１２５號３樓,臺北市北投區裕民里24鄰裕民六路125號,302169.587,2778641.449
891,台北市北投區大度路三段２７０巷６９號十四樓之１,臺北市北投區一德里23鄰大度路三段270巷69號,297109.739,2779708.424
892,台北市北投區大度路三段２７０巷６９號四樓之８,臺北市北投區一德里23鄰大度路三段270巷69號,297109.739,2779708.424
893,台北市北投區大度路三段２７０巷６７號三樓之２,臺北市北投區一德里23鄰大度路三段270巷67號,297126.674,2779737.421
894,台北市北投區大度路三段２７０巷６９號五樓之７,臺北市北投區一德里23鄰大度路三段270巷69號,297109.739,2779708.424
895,台北市北投區中山路４７號二樓之３,臺北市北投區林泉里5鄰中山路47號,301584.647,2781236.629
896,臺北市北投區行義路１７０巷２７弄７號四樓,臺北市北投區永和里24鄰行義路170巷27弄7號,303414.032,2780484.319
897,台北市北投區大度路三段２７０巷６９號五樓之１,臺北市北投區一德里23鄰大度路三段270巷69號,297109.739,2779708.424
898,台北市北投區大度路三段２７０巷６７號十三樓,臺北市北投區一德里23鄰大度路三段270巷67號,297126.674,2779737.421
899,臺北市北投區行義路１７０巷２７弄３號四樓,臺北市北投區永和里24鄰行義路170巷27弄3號,303403.272,2780450.254
900,臺北市北投區光明路２００號十樓之２７,臺北市北投區長安里21鄰光明路200號,300763.043,2780909.890
901,台北市北投區大度路三段２７０巷６９號四樓之３,臺北市北投區一德里23鄰大度路三段270巷69號,297109.739,2779708.424
902,臺北市北投區中和街３６６號十四樓之７,臺北市北投區中和里9鄰中和街366號,300357.287,2781565.555
903,台北市北投區懷德街５６巷１０號３樓,臺北市北投區振華里21鄰懷德街56巷10號,302457.686,2778363.892
904,台北市北投區大度路三段２７０巷６７號十四樓之５,臺北市北投區一德里23鄰大度路三段270巷67號,297126.674,2779737.421
905,臺北市北投區文林北路３０２號十九樓,臺北市北投區福興里8鄰文林北路302號,301591.902,2778157.109
906,臺北市北投區文林北路３０２號十九樓之１,臺北市北投區福興里8鄰文林北路302號,301591.902,2778157.109
907,臺北市北投區文林北路３０６號十九樓,臺北市北投區福興里8鄰文林北路306號,301581.847,2778166.106
908,臺北市北投區文林北路３０６號十九樓之１,臺北市北投區福興里8鄰文林北路306號,301581.847,2778166.106
909,臺北市北投區石牌路一段39巷142號5F,臺北市北投區吉利里12鄰石牌路一段39巷142號,301347.397,2778908.501
910,臺北市北投區文林北路３０６號十一樓,臺北市北投區福興里8鄰文林北路306號,301581.847,2778166.106
911,臺北市北投區天母西路１１７巷６８號十一樓,臺北市北投區永欣里9鄰天母西路117巷68號,302987.038,2779479.368
912,台北市北投區溫泉路139號4樓之4,臺北市北投區林泉里10鄰溫泉路139號,301665.094,2781407.223
913,台北市北投區中山北路七段２１９巷３弄２５７號三樓,臺北市北投區永和里24鄰中山北路七段219巷3弄257號,303444.088,2780446.122
914,臺北市北投區天母西路１１７巷６８號,臺北市北投區永欣里9鄰天母西路117巷68號,302987.038,2779479.368
915,臺北市北投區石牌路1段17號3樓,臺北市北投區吉慶里6鄰石牌路一段17號,301410.494,2778377.375
916,臺北市北投區石牌路1段15號5樓,臺北市北投區吉慶里6鄰石牌路一段15號,301405.549,2778374.294
917,臺北市北投區石牌路1段17號8樓,臺北市北投區吉慶里6鄰石牌路一段17號,301410.494,2778377.375
918,臺北市北投區天母西路１１７巷６６號七樓,臺北市北投區永欣里9鄰天母西路117巷66號,302977.775,2779459.947
919,台北市北投區中山北路七段２１９巷３弄２５９號二樓,臺北市北投區永和里24鄰中山北路七段219巷3弄259號,303442.733,2780461.830
920,臺北市北投區行義路１７０巷２７弄１１號四樓,臺北市北投區永和里24鄰行義路170巷27弄11號,303411.152,2780495.964
921,台北市北投區大業路５２９號十一樓之２,臺北市北投區豐年里16鄰大業路529號,300038.213,2780834.671
922,台北市北投區大度路三段２７０巷６７號十五樓,臺北市北投區一德里23鄰大度路三段270巷67號,297126.674,2779737.421
923,台北市北投區大度路三段２７０巷６９號五樓,臺北市北投區一德里23鄰大度路三段270巷69號,297109.739,2779708.424
924,台北市北投區中山北路七段219巷3弄265號三樓,臺北市北投區永和里24鄰中山北路七段219巷3弄265號,303482.030,2780482.862
925,台北市北投區中山北路七段２１９巷３弄２６３號二樓,臺北市北投區永和里24鄰中山北路七段219巷3弄263號,303467.107,2780476.284
926,臺北市北投區石牌路1段15號3樓,臺北市北投區吉慶里6鄰石牌路一段15號,301405.549,2778374.294
927,臺北市北投區石牌路1段17號5樓,臺北市北投區吉慶里6鄰石牌路一段17號,301410.494,2778377.375
928,臺北市北投區石牌路1段15號7樓,臺北市北投區吉慶里6鄰石牌路一段15號,301405.549,2778374.294
929,臺北市北投區文林北路３０６號四樓,臺北市北投區福興里8鄰文林北路306號,301581.847,2778166.106
930,臺北市北投區文林北路３０２號四樓,臺北市北投區福興里8鄰文林北路302號,301591.902,2778157.109
931,臺北市北投區文林北路３０２號三樓之１,臺北市北投區福興里8鄰文林北路302號,301591.902,2778157.109
932,臺北市北投區石牌路二段７５巷３號一樓,臺北市北投區永明里2鄰石牌路二段75巷3號,302015.125,2778809.447
933,臺北市北投區文林北路３０６號五樓,臺北市北投區福興里8鄰文林北路306號,301581.847,2778166.106
934,臺北市北投區文林北路３０６號十七樓,臺北市北投區福興里8鄰文林北路306號,301581.847,2778166.106
935,臺北市北投區文林北路３０２號二十一樓,臺北市北投區福興里8鄰文林北路302號,301591.902,2778157.109
936,臺北市北投區文林北路３０２號二十一樓之１,臺北市北投區福興里8鄰文林北路302號,301591.902,2778157.109
937,臺北市北投區文林北路３０２號五樓之１,臺北市北投區福興里8鄰文林北路302號,301591.902,2778157.109
938,臺北市北投區文林北路３０６號七樓,臺北市北投區福興里8鄰文林北路306號,301581.847,2778166.106
939,臺北市北投區文林北路３０２號十一樓之１,臺北市北投區福興里8鄰文林北路302號,301591.902,2778157.109
940,臺北市北投區文林北路３０６號六樓,臺北市北投區福興里8鄰文林北路306號,301581.847,2778166.106
941,臺北市北投區文林北路３０６號十五樓,臺北市北投區福興里8鄰文林北路306號,301581.847,2778166.106
942,臺北市北投區文林北路３０２號二十二樓,臺北市北投區福興里8鄰文林北路302號,301591.902,2778157.109
943,臺北市北投區文林北路３０２號二十二樓之１,臺北市北投區福興里8鄰文林北路302號,301591.902,2778157.109
944,臺北市北投區文林北路３０６號二十二樓,臺北市北投區福興里8鄰文林北路306號,301581.847,2778166.106
945,臺北市北投區文林北路３０６號二十二樓之１,臺北市北投區福興里8鄰文林北路306號,301581.847,2778166.106
946,臺北市北投區文林北路３０６號二十樓,臺北市北投區福興里8鄰文林北路306號,301581.847,2778166.106
947,臺北市北投區文林北路３０６號二十樓之１,臺北市北投區福興里8鄰文林北路306號,301581.847,2778166.106
948,臺北市北投區文林北路３０６號十五樓之１,臺北市北投區福興里8鄰文林北路306號,301581.847,2778166.106
949,臺北市北投區文林北路３０６號四樓之１,臺北市北投區福興里8鄰文林北路306號,301581.847,2778166.106
950,臺北市北投區文林北路３０６號十二樓之１,臺北市北投區福興里8鄰文林北路306號,301581.847,2778166.106
951,臺北市北投區文林北路３０６號十三樓,臺北市北投區福興里8鄰文林北路306號,301581.847,2778166.106
952,臺北市北投區文林北路３０２號十四樓,臺北市北投區福興里8鄰文林北路302號,301591.902,2778157.109
953,臺北市北投區文林北路３０２號四樓之１,臺北市北投區福興里8鄰文林北路302號,301591.902,2778157.109
954,臺北市北投區文林北路３０２號三樓,臺北市北投區福興里8鄰文林北路302號,301591.902,2778157.109
955,臺北市北投區文林北路３０２號二十樓,臺北市北投區福興里8鄰文林北路302號,301591.902,2778157.109
956,臺北市北投區文林北路３０２號二十樓之１,臺北市北投區福興里8鄰文林北路302號,301591.902,2778157.109
957,臺北市北投區文林北路３０２號九樓之１,臺北市北投區福興里8鄰文林北路302號,301591.902,2778157.109
958,臺北市北投區文林北路３０２號九樓,臺北市北投區福興里8鄰文林北路302號,301591.902,2778157.109
959,臺北市北投區文林北路３０２號十樓之１,臺北市北投區福興里8鄰文林北路302號,301591.902,2778157.109
960,臺北市北投區文林北路３０２號十五樓,臺北市北投區福興里8鄰文林北路302號,301591.902,2778157.109
961,臺北市北投區文林北路３０２號八樓之１,臺北市北投區福興里8鄰文林北路302號,301591.902,2778157.109
962,臺北市北投區文林北路３０２號十一樓,臺北市北投區福興里8鄰文林北路302號,301591.902,2778157.109
963,臺北市北投區文林北路３０６號十樓,臺北市北投區福興里8鄰文林北路306號,301581.847,2778166.106
964,臺北市北投區文林北路３０２號十樓,臺北市北投區福興里8鄰文林北路302號,301591.902,2778157.109
965,臺北市北投區文林北路３０２號七樓之１,臺北市北投區福興里8鄰文林北路302號,301591.902,2778157.109
966,臺北市北投區文林北路３０２號十四樓之１,臺北市北投區福興里8鄰文林北路302號,301591.902,2778157.109
967,臺北市北投區文林北路３０２號五樓,臺北市北投區福興里8鄰文林北路302號,301591.902,2778157.109
968,臺北市北投區文林北路３０２號二十三樓,臺北市北投區福興里8鄰文林北路302號,301591.902,2778157.109
969,臺北市北投區文林北路３０６號二十三樓,臺北市北投區福興里8鄰文林北路306號,301581.847,2778166.106
970,臺北市北投區文林北路３０６號二十三樓之１,臺北市北投區福興里8鄰文林北路306號,301581.847,2778166.106
971,臺北市北投區文林北路３０２號二十三樓之１,臺北市北投區福興里8鄰文林北路302號,301591.902,2778157.109
972,臺北市北投區文林北路３０６號十三樓之１,臺北市北投區福興里8鄰文林北路306號,301581.847,2778166.106
973,臺北市北投區文林北路３０６號十二樓,臺北市北投區福興里8鄰文林北路306號,301581.847,2778166.106
974,臺北市北投區文林北路３０２號十七樓,臺北市北投區福興里8鄰文林北路302號,301591.902,2778157.109
975,臺北市北投區文林北路３０６號二十一樓之１,臺北市北投區福興里8鄰文林北路306號,301581.847,2778166.106
976,臺北市北投區文林北路３０６號二十一樓,臺北市北投區福興里8鄰文林北路306號,301581.847,2778166.106
977,臺北市北投區文林北路302號七樓,臺北市北投區福興里8鄰文林北路302號,301591.902,2778157.109
978,臺北市北投區文林北路３０６號九樓,臺北市北投區福興里8鄰文林北路306號,301581.847,2778166.106
979,臺北市北投區文林北路３０６號五樓之１,臺北市北投區福興里8鄰文林北路306號,301581.847,2778166.106
980,臺北市北投區文林北路３０６號六樓之１,臺北市北投區福興里8鄰文林北路306號,301581.847,2778166.106
981,臺北市北投區文林北路３０６號十一樓之１,臺北市北投區福興里8鄰文林北路306號,301581.847,2778166.106
982,臺北市北投區文林北路３０２號十二樓之１,臺北市北投區福興里8鄰文林北路302號,301591.902,2778157.109
983,臺北市北投區文林北路３０２號八樓,臺北市北投區福興里8鄰文林北路302號,301591.902,2778157.109
984,臺北市北投區文林北路３０２號十二樓,臺北市北投區福興里8鄰文林北路302號,301591.902,2778157.109
985,臺北市北投區文林北路３０６號十樓之１,臺北市北投區福興里8鄰文林北路306號,301581.847,2778166.106
986,臺北市北投區文林北路３０２號十三樓,臺北市北投區福興里8鄰文林北路302號,301591.902,2778157.109
987,臺北市北投區文林北路３０２號十七樓之１,臺北市北投區福興里8鄰文林北路302號,301591.902,2778157.109
988,台北市北投區大度路三段２７０巷６７號五樓之２,臺北市北投區一德里23鄰大度路三段270巷67號,297126.674,2779737.421
989,台北市北投區大度路三段２７０巷６７號十四樓之２,臺北市北投區一德里23鄰大度路三段270巷67號,297126.674,2779737.421
990,台北市北投區大度路三段２７０巷６７號十五樓之３,臺北市北投區一德里23鄰大度路三段270巷67號,297126.674,2779737.421
991,台北市北投區大度路三段２７０巷６７號十六樓,臺北市北投區一德里23鄰大度路三段270巷67號,297126.674,2779737.421
992,台北市北投區大度路三段２７０巷６７號六樓之１,臺北市北投區一德里23鄰大度路三段270巷67號,297126.674,2779737.421
993,台北市北投區大度路三段２７０巷６７號九樓,臺北市北投區一德里23鄰大度路三段270巷67號,297126.674,2779737.421
994,台北市北投區大度路三段２７０巷６７號十二樓之５,臺北市北投區一德里23鄰大度路三段270巷67號,297126.674,2779737.421
995,台北市北投區大度路三段２７０巷６７號八樓之６,臺北市北投區一德里23鄰大度路三段270巷67號,297126.674,2779737.421
996,臺北市北投區北投路二段45號13樓,臺北市北投區大同里18鄰北投路二段45號,300146.831,2780532.285
997,臺北市北投區北投路二段45號12樓,臺北市北投區大同里18鄰北投路二段45號,300146.831,2780532.285
998,台北市北投區大度路三段２７０巷６９號五樓之３,臺北市北投區一德里23鄰大度路三段270巷69號,297109.739,2779708.424
999,台北市北投區大度路三段２７０巷６７號十五樓之５,臺北市北投區一德里23鄰大度路三段270巷67號,297126.674,2779737.421
1000,台北市北投區大度路三段２７０巷６７號十樓之６,臺北市北投區一德里23鄰大度路三段270巷67號,297126.674,2779737.421
1001,台北市北投區關渡路48號19樓,臺北市北投區關渡里6鄰關渡路48號,297301.386,2779204.598
1002,台北市北投區關渡路48號23樓,臺北市北投區關渡里6鄰關渡路48號,297301.386,2779204.598
1003,台北市北投區大度路三段２７０巷６７號十九樓之２,臺北市北投區一德里23鄰大度路三段270巷67號,297126.674,2779737.421
1004,台北市北投區關渡路48號2樓,臺北市北投區關渡里6鄰關渡路48號,297301.386,2779204.598
1005,台北市北投區大度路三段２７０巷６７號十八樓之２,臺北市北投區一德里23鄰大度路三段270巷67號,297126.674,2779737.421
1006,台北市北投區關渡路46號14樓、48號14樓,臺北市北投區關渡里6鄰關渡路46號,297302.305,2779214.254
1007,台北市北投區關渡路48號26樓,臺北市北投區關渡里6鄰關渡路48號,297301.386,2779204.598
1008,台北市北投區關渡路48號27樓,臺北市北投區關渡里6鄰關渡路48號,297301.386,2779204.598
1009,台北市北投區關渡路48號10樓,臺北市北投區關渡里6鄰關渡路48號,297301.386,2779204.598
1010,台北市北投區關渡路46號10樓,臺北市北投區關渡里6鄰關渡路46號,297302.305,2779214.254
1011,台北市北投區關渡路46號8樓,臺北市北投區關渡里6鄰關渡路46號,297302.305,2779214.254
1012,台北市北投區關渡路48號8樓,臺北市北投區關渡里6鄰關渡路48號,297301.386,2779204.598
1013,台北市北投區關渡路48號18樓,臺北市北投區關渡里6鄰關渡路48號,297301.386,2779204.598
1014,台北市北投區關渡路48號20樓,臺北市北投區關渡里6鄰關渡路48號,297301.386,2779204.598
1015,台北市北投區關渡路46號9樓、48號9樓,臺北市北投區關渡里6鄰關渡路46號,297302.305,2779214.254
1016,台北市北投區大度路三段２７０巷６９號九樓之１,臺北市北投區一德里23鄰大度路三段270巷69號,297109.739,2779708.424
1017,台北市北投區大度路三段２７０巷６９號十九樓,臺北市北投區一德里23鄰大度路三段270巷69號,297109.739,2779708.424
1018,台北市北投區關渡路48號17樓,臺北市北投區關渡里6鄰關渡路48號,297301.386,2779204.598
1019,台北市北投區關渡路48號15樓,臺北市北投區關渡里6鄰關渡路48號,297301.386,2779204.598
1020,台北市北投區關渡路46號7樓,臺北市北投區關渡里6鄰關渡路46號,297302.305,2779214.254
1021,台北市北投區關渡路46號3樓,臺北市北投區關渡里6鄰關渡路46號,297302.305,2779214.254
1022,台北市北投區關渡路46號2樓,臺北市北投區關渡里6鄰關渡路46號,297302.305,2779214.254
1023,台北市北投區關渡路48號4樓,臺北市北投區關渡里6鄰關渡路48號,297301.386,2779204.598
1024,台北市北投區關渡路46號13樓、48號13樓,臺北市北投區關渡里6鄰關渡路46號,297302.305,2779214.254
1025,台北市北投區關渡路46號5樓,臺北市北投區關渡里6鄰關渡路46號,297302.305,2779214.254
1026,台北市北投區關渡路46號4樓,臺北市北投區關渡里6鄰關渡路46號,297302.305,2779214.254
1027,台北市北投區關渡路48號5樓,臺北市北投區關渡里6鄰關渡路48號,297301.386,2779204.598
1028,台北市北投區關渡路48號24樓,臺北市北投區關渡里6鄰關渡路48號,297301.386,2779204.598
1029,台北市北投區關渡路48號7樓,臺北市北投區關渡里6鄰關渡路48號,297301.386,2779204.598
1030,台北市北投區關渡路46號6樓,臺北市北投區關渡里6鄰關渡路46號,297302.305,2779214.254
1031,台北市北投區關渡路48號16樓,臺北市北投區關渡里6鄰關渡路48號,297301.386,2779204.598
1032,台北市北投區關渡路46號11樓,臺北市北投區關渡里6鄰關渡路46號,297302.305,2779214.254
1033,台北市北投區關渡路48號12樓,臺北市北投區關渡里6鄰關渡路48號,297301.386,2779204.598
1034,台北市北投區關渡路46號12樓,臺北市北投區關渡里6鄰關渡路46號,297302.305,2779214.254
1035,台北市北投區大度路三段２７０巷６７號十五樓之６,臺北市北投區一德里23鄰大度路三段270巷67號,297126.674,2779737.421
1036,台北市北投區大度路三段２７０巷６７號十六樓之６,臺北市北投區一德里23鄰大度路三段270巷67號,297126.674,2779737.421
1037,台北市北投區大度路三段２７０巷６７號九樓之２,臺北市北投區一德里23鄰大度路三段270巷67號,297126.674,2779737.421
1038,臺北市北投區新民路１巷５之１１號三樓,臺北市北投區中心里19鄰新民路1巷5之11號,301114.505,2781385.699
1039,北投子段191-1地號,找不到指定的門牌地址。,,
1040,北投埔段353-19地號,找不到指定的門牌地址。,,
1041,南投縣草屯鎮北投里北投路299號,南投縣草屯鎮北投里12鄰北投路299號,215418.239,2653226.410
